/*
Navicat MySQL Data Transfer

Source Server         : localhost
Source Server Version : 50624
Source Host           : localhost:3306
Source Database       : yuanlu_fund1

Target Server Type    : MYSQL
Target Server Version : 50624
File Encoding         : 65001

Date: 2016-10-13 10:18:49
*/

SET FOREIGN_KEY_CHECKS=0;

-- ----------------------------
-- Table structure for `branch`
-- ----------------------------
DROP TABLE IF EXISTS `branch`;
CREATE TABLE `branch` (
  `id` int(11) NOT NULL AUTO_INCREMENT,
  `name` varchar(100) DEFAULT NULL COMMENT '部门的名称',
  `date` timestamp NULL DEFAULT CURRENT_TIMESTAMP ON UPDATE CURRENT_TIMESTAMP COMMENT '日期',
  `finish` tinyint(4) DEFAULT '1' COMMENT '1代表存在，0代表删除',
  `finish_date` date DEFAULT NULL COMMENT '删除部门日期',
  PRIMARY KEY (`id`)
) ENGINE=InnoDB AUTO_INCREMENT=13 DEFAULT CHARSET=utf8;

-- ----------------------------
-- Records of branch
-- ----------------------------
INSERT INTO `branch` VALUES ('1', '现货1', '2016-09-08 22:49:57', '1', null);
INSERT INTO `branch` VALUES ('2', '现货2', '2016-09-08 22:50:03', '1', null);
INSERT INTO `branch` VALUES ('3', '现货3', '2016-09-08 22:50:10', '1', null);
INSERT INTO `branch` VALUES ('4', '对冲交易1', '2016-09-08 22:50:26', '1', null);
INSERT INTO `branch` VALUES ('5', '对冲交易2', '2016-09-08 22:50:44', '1', null);
INSERT INTO `branch` VALUES ('6', '期货投机1', '2016-09-08 22:51:20', '1', null);
INSERT INTO `branch` VALUES ('7', '海外现货1', '2016-09-08 22:51:28', '1', null);
INSERT INTO `branch` VALUES ('9', '现货4', '2016-09-08 22:51:50', '1', null);
INSERT INTO `branch` VALUES ('10', '超级管理员', '2016-09-08 23:03:53', '1', null);
INSERT INTO `branch` VALUES ('11', '测试部门', '2016-09-22 18:17:48', '1', null);
INSERT INTO `branch` VALUES ('12', '银行部门', '2016-09-27 18:34:42', '1', null);

-- ----------------------------
-- Table structure for `exchange_rate`
-- ----------------------------
DROP TABLE IF EXISTS `exchange_rate`;
CREATE TABLE `exchange_rate` (
  `id` int(11) NOT NULL AUTO_INCREMENT,
  `onshore_exchange_rate` decimal(10,4) DEFAULT NULL COMMENT '在岸汇率',
  `offshore_exchange_rate` decimal(10,4) DEFAULT NULL COMMENT '离岸汇率',
  `effect_date` date DEFAULT NULL COMMENT '汇率正真日期',
  `date` timestamp NULL DEFAULT CURRENT_TIMESTAMP COMMENT '汇率插入数据库日期',
  PRIMARY KEY (`id`)
) ENGINE=InnoDB AUTO_INCREMENT=27 DEFAULT CHARSET=utf8;

-- ----------------------------
-- Records of exchange_rate
-- ----------------------------
INSERT INTO `exchange_rate` VALUES ('11', '6.6727', '6.6630', '2016-09-02', '2016-09-29 14:23:02');
INSERT INTO `exchange_rate` VALUES ('12', '6.6873', '0.0000', '2016-09-05', '2016-09-29 14:24:37');
INSERT INTO `exchange_rate` VALUES ('13', '6.6873', '0.0000', '2016-09-06', '2016-09-29 14:25:42');
INSERT INTO `exchange_rate` VALUES ('14', '6.6555', '0.0000', '2016-09-07', '2016-09-29 14:26:11');
INSERT INTO `exchange_rate` VALUES ('15', '6.6620', '0.0000', '2016-09-08', '2016-09-29 14:26:38');
INSERT INTO `exchange_rate` VALUES ('16', '6.6684', '0.0000', '2016-09-09', '2016-09-29 14:27:06');
INSERT INTO `exchange_rate` VALUES ('17', '6.6908', '0.0000', '2016-09-12', '2016-09-29 14:27:33');
INSERT INTO `exchange_rate` VALUES ('18', '6.6726', '0.0000', '2016-09-13', '2016-09-29 14:28:05');
INSERT INTO `exchange_rate` VALUES ('19', '6.6895', '0.0000', '2016-09-14', '2016-09-29 14:28:26');
INSERT INTO `exchange_rate` VALUES ('20', '6.6786', '0.0000', '2016-09-19', '2016-09-29 14:28:50');
INSERT INTO `exchange_rate` VALUES ('21', '6.6595', '0.0000', '2016-09-20', '2016-09-29 14:29:14');
INSERT INTO `exchange_rate` VALUES ('22', '6.6738', '0.0000', '2016-09-21', '2016-09-29 14:29:37');
INSERT INTO `exchange_rate` VALUES ('23', '6.6513', '0.0000', '2016-09-22', '2016-09-29 14:29:59');
INSERT INTO `exchange_rate` VALUES ('24', '6.6670', '0.0000', '2016-09-23', '2016-09-29 14:30:31');
INSERT INTO `exchange_rate` VALUES ('25', '6.6744', '0.0000', '2016-09-26', '2016-09-29 14:30:52');
INSERT INTO `exchange_rate` VALUES ('26', '7.0000', '7.0000', '2016-09-27', '2016-10-07 17:19:27');

-- ----------------------------
-- Table structure for `perday_data_item`
-- ----------------------------
DROP TABLE IF EXISTS `perday_data_item`;
CREATE TABLE `perday_data_item` (
  `id` int(11) NOT NULL AUTO_INCREMENT,
  `user_id` int(11) DEFAULT NULL COMMENT '插入者ID',
  `branch_id` int(11) DEFAULT NULL COMMENT '数据所属部门',
  `project_id` int(11) DEFAULT NULL COMMENT '项目ID',
  `asset_money` decimal(20,4) DEFAULT NULL COMMENT '资产现金',
  `asset_product` decimal(20,4) DEFAULT NULL COMMENT '资产品',
  `finance_debt` double(20,4) DEFAULT NULL COMMENT '融资负债/授信',
  `receivable` double(20,4) DEFAULT NULL COMMENT '应收',
  `payable` double(20,4) DEFAULT NULL COMMENT '应付',
  `remark` text COMMENT '备注',
  `effect_date` date DEFAULT NULL COMMENT '日报生效日期',
  `date` timestamp NULL DEFAULT CURRENT_TIMESTAMP ON UPDATE CURRENT_TIMESTAMP COMMENT '数据插入时间',
  PRIMARY KEY (`id`)
) ENGINE=InnoDB AUTO_INCREMENT=430 DEFAULT CHARSET=utf8;

-- ----------------------------
-- Records of perday_data_item
-- ----------------------------
INSERT INTO `perday_data_item` VALUES ('67', '2', '1', '1', '0.0000', '3448175.7600', '0.0000', '892661.4127', '0.0000', '', '2016-09-02', '2016-09-28 15:32:09');
INSERT INTO `perday_data_item` VALUES ('68', '2', '1', '3', '-236025.3300', '431427.5000', '472797.4100', '0.0000', '0.0000', '', '2016-09-02', '2016-09-28 15:32:09');
INSERT INTO `perday_data_item` VALUES ('69', '2', '1', '1', '0.0000', '5466106.8000', '0.0000', '892661.4127', '0.0000', '', '2016-09-05', '2016-09-28 15:33:17');
INSERT INTO `perday_data_item` VALUES ('70', '2', '1', '3', '-430984.7500', '629915.0000', '495800.0000', '0.0000', '0.0000', '', '2016-09-05', '2016-09-28 15:33:17');
INSERT INTO `perday_data_item` VALUES ('71', '2', '1', '1', '0.0000', '5466106.8000', '0.0000', '892661.4127', '0.0000', '', '2016-09-06', '2016-09-28 15:34:03');
INSERT INTO `perday_data_item` VALUES ('72', '2', '1', '3', '-430984.7500', '629915.0000', '495800.0000', '0.0000', '0.0000', '', '2016-09-06', '2016-09-28 15:34:03');
INSERT INTO `perday_data_item` VALUES ('73', '2', '1', '1', '0.0000', '3402091.6500', '0.0000', '892661.4127', '0.0000', '', '2016-09-07', '2016-09-28 15:37:46');
INSERT INTO `perday_data_item` VALUES ('74', '2', '1', '3', '-122769.3400', '408957.5000', '496200.0000', '0.0000', '0.0000', '', '2016-09-07', '2016-09-28 15:37:58');
INSERT INTO `perday_data_item` VALUES ('75', '2', '1', '1', '0.0000', '3415645.8000', '0.0000', '876089.9300', '0.0000', '', '2016-09-08', '2016-09-28 15:36:24');
INSERT INTO `perday_data_item` VALUES ('76', '2', '1', '3', '-107304.3400', '409097.5000', '497800.0000', '0.0000', '0.0000', '', '2016-09-08', '2016-09-28 15:36:24');
INSERT INTO `perday_data_item` VALUES ('77', '2', '1', '1', '0.0000', '3434621.6100', '0.0000', '1579509.1200', '0.0000', '', '2016-09-09', '2016-09-29 13:14:13');
INSERT INTO `perday_data_item` VALUES ('78', '2', '1', '3', '-131799.3400', '411442.5000', '502200.0000', '0.0000', '0.0000', '', '2016-09-09', '2016-09-29 13:14:13');
INSERT INTO `perday_data_item` VALUES ('79', '2', '1', '1', '0.0000', '3407513.3100', '0.0000', '2272353.5600', '0.0000', '', '2016-09-12', '2016-09-29 13:15:34');
INSERT INTO `perday_data_item` VALUES ('80', '2', '1', '3', '-35096.6400', '338175.0000', '501200.0000', '0.0000', '0.0000', '', '2016-09-12', '2016-09-29 13:15:34');
INSERT INTO `perday_data_item` VALUES ('81', '2', '1', '1', '0.0000', '3412934.9700', '0.0000', '706780.3475', '0.0000', '', '2016-09-13', '2016-09-29 13:16:46');
INSERT INTO `perday_data_item` VALUES ('82', '2', '1', '3', '-140091.4700', '370950.0000', '503400.0000', '0.0000', '0.0000', '', '2016-09-13', '2016-09-29 13:16:46');
INSERT INTO `perday_data_item` VALUES ('83', '2', '1', '1', '0.0000', '3410224.1400', '0.0000', '1584998.6825', '0.0000', '', '2016-09-14', '2016-09-29 13:17:54');
INSERT INTO `perday_data_item` VALUES ('84', '2', '1', '3', '-76141.1700', '322402.5000', '502600.0000', '0.0000', '0.0000', '', '2016-09-14', '2016-09-29 13:17:54');
INSERT INTO `perday_data_item` VALUES ('85', '2', '1', '1', '0.0000', '2680935.8000', '0.0000', '2273998.2525', '0.0000', '', '2016-09-19', '2016-09-29 13:19:08');
INSERT INTO `perday_data_item` VALUES ('86', '2', '1', '3', '-11952.3200', '258556.2500', '498800.0000', '0.0000', '0.0000', '', '2016-09-19', '2016-09-29 13:19:08');
INSERT INTO `perday_data_item` VALUES ('87', '2', '1', '1', '0.0000', '2008788.8250', '0.0000', '1392952.9500', '0.0000', '', '2016-09-20', '2016-09-29 13:20:25');
INSERT INTO `perday_data_item` VALUES ('88', '2', '1', '3', '29877.7800', '199068.7500', '491600.0000', '0.0000', '0.0000', '', '2016-09-20', '2016-09-29 13:20:25');
INSERT INTO `perday_data_item` VALUES ('89', '2', '1', '1', '0.0000', '1266848.7200', '0.0000', '2158520.7600', '0.0000', '', '2016-09-21', '2016-09-29 13:21:32');
INSERT INTO `perday_data_item` VALUES ('90', '2', '1', '3', '576145.3800', '138368.7500', '494200.0000', '0.0000', '0.0000', '', '2016-09-21', '2016-09-29 13:21:32');
INSERT INTO `perday_data_item` VALUES ('91', '2', '1', '1', '0.0000', '1307323.1200', '0.0000', '765567.8100', '0.0000', '', '2016-09-22', '2016-09-29 13:22:42');
INSERT INTO `perday_data_item` VALUES ('92', '2', '1', '3', '96993.0800', '108106.2500', '500400.0000', '0.0000', '0.0000', '', '2016-09-22', '2016-09-29 13:22:43');
INSERT INTO `perday_data_item` VALUES ('93', '2', '1', '1', '0.0000', '668112.3600', '0.0000', '0.0000', '0.0000', '', '2016-09-23', '2016-09-29 13:24:40');
INSERT INTO `perday_data_item` VALUES ('94', '2', '1', '3', '94319.7300', '93900.0000', '506800.0000', '0.0000', '0.0000', '', '2016-09-23', '2016-09-29 13:24:49');
INSERT INTO `perday_data_item` VALUES ('95', '2', '1', '1', '0.0000', '0.0000', '0.0000', '0.0000', '0.0000', '', '2016-09-26', '2016-09-29 13:25:52');
INSERT INTO `perday_data_item` VALUES ('96', '2', '1', '3', '99712.3300', '93850.0000', '0.0000', '0.0000', '0.0000', '', '2016-09-26', '2016-09-29 13:25:52');
INSERT INTO `perday_data_item` VALUES ('97', '11', '1', '2', '6084111.0900', '0.0000', '0.0000', '0.0000', '0.0000', '', '2016-09-26', '2016-09-29 14:58:52');
INSERT INTO `perday_data_item` VALUES ('98', '11', '1', '26', '0.0000', '0.0000', '0.0000', '0.0000', '0.0000', '', '2016-09-26', '2016-09-29 13:29:08');
INSERT INTO `perday_data_item` VALUES ('99', '11', '2', '5', '18938258.8300', '0.0000', '0.0000', '0.0000', '0.0000', '', '2016-09-26', '2016-09-29 14:59:06');
INSERT INTO `perday_data_item` VALUES ('100', '11', '3', '8', '236395.0500', '0.0000', '0.0000', '0.0000', '0.0000', '', '2016-09-26', '2016-09-29 14:59:25');
INSERT INTO `perday_data_item` VALUES ('101', '11', '7', '20', '625680.8400', '0.0000', '0.0000', '0.0000', '0.0000', '', '2016-09-26', '2016-09-29 14:59:38');
INSERT INTO `perday_data_item` VALUES ('102', '11', '7', '21', '2413528.4500', '0.0000', '0.0000', '0.0000', '0.0000', '', '2016-09-26', '2016-09-29 14:59:48');
INSERT INTO `perday_data_item` VALUES ('103', '11', '9', '23', '153674.6900', '0.0000', '0.0000', '0.0000', '0.0000', '', '2016-09-26', '2016-09-29 14:59:58');
INSERT INTO `perday_data_item` VALUES ('104', '11', '11', '25', '0.0000', '0.0000', '0.0000', '0.0000', '0.0000', '', '2016-09-26', '2016-09-29 13:29:08');
INSERT INTO `perday_data_item` VALUES ('105', '11', '1', '2', '5414763.8200', '0.0000', '0.0000', '0.0000', '0.0000', '', '2016-09-23', '2016-09-29 13:31:14');
INSERT INTO `perday_data_item` VALUES ('106', '11', '1', '26', '0.0000', '0.0000', '0.0000', '0.0000', '0.0000', '', '2016-09-23', '2016-09-29 13:31:14');
INSERT INTO `perday_data_item` VALUES ('107', '11', '2', '5', '20684928.1800', '0.0000', '0.0000', '0.0000', '0.0000', '', '2016-09-23', '2016-09-29 14:57:22');
INSERT INTO `perday_data_item` VALUES ('108', '11', '3', '8', '648601.0500', '0.0000', '0.0000', '0.0000', '0.0000', '', '2016-09-23', '2016-09-29 14:57:33');
INSERT INTO `perday_data_item` VALUES ('109', '11', '7', '20', '625680.8400', '0.0000', '0.0000', '0.0000', '0.0000', '', '2016-09-23', '2016-09-29 14:57:43');
INSERT INTO `perday_data_item` VALUES ('110', '11', '7', '21', '465631.2000', '0.0000', '0.0000', '0.0000', '0.0000', '', '2016-09-23', '2016-09-29 14:57:51');
INSERT INTO `perday_data_item` VALUES ('111', '11', '9', '23', '153674.6900', '0.0000', '0.0000', '0.0000', '0.0000', '', '2016-09-23', '2016-09-29 14:58:04');
INSERT INTO `perday_data_item` VALUES ('112', '11', '11', '25', '0.0000', '0.0000', '0.0000', '0.0000', '0.0000', '', '2016-09-23', '2016-09-29 13:31:14');
INSERT INTO `perday_data_item` VALUES ('113', '11', '1', '2', '4733389.3300', '0.0000', '0.0000', '0.0000', '0.0000', '', '2016-09-22', '2016-09-29 14:55:51');
INSERT INTO `perday_data_item` VALUES ('114', '11', '1', '26', '0.0000', '0.0000', '0.0000', '0.0000', '0.0000', '', '2016-09-22', '2016-09-29 13:32:42');
INSERT INTO `perday_data_item` VALUES ('115', '11', '2', '5', '28296739.9600', '0.0000', '0.0000', '0.0000', '0.0000', '', '2016-09-22', '2016-09-29 14:56:00');
INSERT INTO `perday_data_item` VALUES ('116', '11', '3', '8', '5005678.9000', '0.0000', '0.0000', '0.0000', '0.0000', '', '2016-09-22', '2016-09-29 14:56:11');
INSERT INTO `perday_data_item` VALUES ('117', '11', '7', '20', '625680.8400', '0.0000', '0.0000', '0.0000', '0.0000', '', '2016-09-22', '2016-09-29 14:56:20');
INSERT INTO `perday_data_item` VALUES ('118', '11', '7', '21', '465631.2000', '0.0000', '0.0000', '0.0000', '0.0000', '', '2016-09-22', '2016-09-29 14:56:29');
INSERT INTO `perday_data_item` VALUES ('119', '11', '9', '23', '153674.6900', '0.0000', '0.0000', '0.0000', '0.0000', '', '2016-09-22', '2016-09-29 14:56:42');
INSERT INTO `perday_data_item` VALUES ('120', '11', '11', '25', '0.0000', '0.0000', '0.0000', '0.0000', '0.0000', '', '2016-09-22', '2016-09-29 13:32:42');
INSERT INTO `perday_data_item` VALUES ('121', '11', '1', '2', '3344492.3800', '0.0000', '0.0000', '0.0000', '0.0000', '', '2016-09-21', '2016-09-29 14:54:29');
INSERT INTO `perday_data_item` VALUES ('122', '11', '1', '26', '0.0000', '0.0000', '0.0000', '0.0000', '0.0000', '', '2016-09-21', '2016-09-29 13:34:21');
INSERT INTO `perday_data_item` VALUES ('123', '11', '2', '5', '13847771.9000', '0.0000', '0.0000', '0.0000', '0.0000', '', '2016-09-21', '2016-09-29 14:54:39');
INSERT INTO `perday_data_item` VALUES ('124', '11', '3', '8', '5082.5200', '0.0000', '0.0000', '0.0000', '0.0000', '', '2016-09-21', '2016-09-29 14:54:56');
INSERT INTO `perday_data_item` VALUES ('125', '11', '7', '20', '925709.2000', '0.0000', '0.0000', '0.0000', '0.0000', '', '2016-09-21', '2016-09-29 14:55:05');
INSERT INTO `perday_data_item` VALUES ('126', '11', '7', '21', '2623622.6200', '0.0000', '0.0000', '0.0000', '0.0000', '', '2016-09-21', '2016-09-29 14:55:14');
INSERT INTO `perday_data_item` VALUES ('127', '11', '9', '23', '153674.6900', '0.0000', '0.0000', '0.0000', '0.0000', '', '2016-09-21', '2016-09-29 14:55:26');
INSERT INTO `perday_data_item` VALUES ('128', '11', '11', '25', '0.0000', '0.0000', '0.0000', '0.0000', '0.0000', '', '2016-09-21', '2016-09-29 13:34:21');
INSERT INTO `perday_data_item` VALUES ('129', '11', '1', '2', '3338798.3100', '0.0000', '0.0000', '0.0000', '0.0000', '', '2016-09-20', '2016-09-29 14:52:40');
INSERT INTO `perday_data_item` VALUES ('130', '11', '1', '26', '0.0000', '0.0000', '0.0000', '0.0000', '0.0000', '', '2016-09-20', '2016-09-29 13:35:56');
INSERT INTO `perday_data_item` VALUES ('131', '11', '2', '5', '4834143.6200', '0.0000', '0.0000', '0.0000', '0.0000', '', '2016-09-20', '2016-09-29 14:52:53');
INSERT INTO `perday_data_item` VALUES ('132', '11', '3', '8', '4479.1000', '0.0000', '0.0000', '0.0000', '0.0000', '', '2016-09-20', '2016-09-29 14:53:05');
INSERT INTO `perday_data_item` VALUES ('133', '11', '7', '20', '925709.2000', '0.0000', '0.0000', '0.0000', '0.0000', '', '2016-09-20', '2016-09-29 14:53:15');
INSERT INTO `perday_data_item` VALUES ('134', '11', '7', '21', '2623622.6200', '0.0000', '0.0000', '0.0000', '0.0000', '', '2016-09-20', '2016-09-29 14:53:38');
INSERT INTO `perday_data_item` VALUES ('135', '11', '9', '23', '151621.0200', '0.0000', '0.0000', '0.0000', '0.0000', '', '2016-09-20', '2016-09-29 14:53:56');
INSERT INTO `perday_data_item` VALUES ('136', '11', '11', '25', '0.0000', '0.0000', '0.0000', '0.0000', '0.0000', '', '2016-09-20', '2016-09-29 13:35:56');
INSERT INTO `perday_data_item` VALUES ('137', '11', '1', '2', '1753520.0000', '0.0000', '0.0000', '0.0000', '0.0000', '', '2016-09-19', '2016-09-29 14:51:21');
INSERT INTO `perday_data_item` VALUES ('138', '11', '1', '26', '0.0000', '0.0000', '0.0000', '0.0000', '0.0000', '', '2016-09-19', '2016-09-29 13:39:13');
INSERT INTO `perday_data_item` VALUES ('139', '11', '2', '5', '8460261.9200', '0.0000', '0.0000', '0.0000', '0.0000', '', '2016-09-19', '2016-09-29 14:51:33');
INSERT INTO `perday_data_item` VALUES ('140', '11', '3', '8', '2760.4800', '0.0000', '0.0000', '0.0000', '0.0000', '', '2016-09-19', '2016-09-29 14:51:46');
INSERT INTO `perday_data_item` VALUES ('141', '11', '7', '20', '925709.2000', '0.0000', '0.0000', '0.0000', '0.0000', '', '2016-09-19', '2016-09-29 14:51:57');
INSERT INTO `perday_data_item` VALUES ('142', '11', '7', '21', '2623622.6200', '0.0000', '0.0000', '0.0000', '0.0000', '', '2016-09-19', '2016-09-29 14:52:06');
INSERT INTO `perday_data_item` VALUES ('143', '11', '9', '23', '151621.0200', '0.0000', '0.0000', '0.0000', '0.0000', '', '2016-09-19', '2016-09-29 14:52:17');
INSERT INTO `perday_data_item` VALUES ('144', '11', '11', '25', '0.0000', '0.0000', '0.0000', '0.0000', '0.0000', '', '2016-09-19', '2016-09-29 13:39:14');
INSERT INTO `perday_data_item` VALUES ('145', '11', '1', '2', '1765880.0000', '0.0000', '0.0000', '0.0000', '0.0000', '', '2016-09-14', '2016-09-29 14:49:47');
INSERT INTO `perday_data_item` VALUES ('146', '11', '1', '26', '0.0000', '0.0000', '0.0000', '0.0000', '0.0000', '', '2016-09-14', '2016-09-29 13:46:26');
INSERT INTO `perday_data_item` VALUES ('147', '11', '2', '5', '8535261.9200', '0.0000', '0.0000', '0.0000', '0.0000', '', '2016-09-14', '2016-09-29 14:50:01');
INSERT INTO `perday_data_item` VALUES ('148', '11', '3', '8', '2760.4800', '0.0000', '0.0000', '0.0000', '0.0000', '', '2016-09-14', '2016-09-29 14:50:15');
INSERT INTO `perday_data_item` VALUES ('149', '11', '7', '20', '925709.2000', '0.0000', '0.0000', '0.0000', '0.0000', '', '2016-09-14', '2016-09-29 14:50:28');
INSERT INTO `perday_data_item` VALUES ('150', '11', '7', '21', '285695.3500', '0.0000', '0.0000', '0.0000', '0.0000', '', '2016-09-14', '2016-09-29 14:50:36');
INSERT INTO `perday_data_item` VALUES ('151', '11', '9', '23', '151621.0200', '0.0000', '0.0000', '0.0000', '0.0000', '', '2016-09-14', '2016-09-29 14:50:47');
INSERT INTO `perday_data_item` VALUES ('152', '11', '11', '25', '0.0000', '0.0000', '0.0000', '0.0000', '0.0000', '', '2016-09-14', '2016-09-29 13:46:26');
INSERT INTO `perday_data_item` VALUES ('153', '11', '1', '2', '2634649.9900', '0.0000', '0.0000', '0.0000', '0.0000', '', '2016-09-13', '2016-09-29 14:47:59');
INSERT INTO `perday_data_item` VALUES ('154', '11', '1', '26', '0.0000', '0.0000', '0.0000', '0.0000', '0.0000', '', '2016-09-13', '2016-09-29 13:47:33');
INSERT INTO `perday_data_item` VALUES ('155', '11', '2', '5', '115399.6900', '0.0000', '0.0000', '0.0000', '0.0000', '', '2016-09-13', '2016-09-29 14:48:13');
INSERT INTO `perday_data_item` VALUES ('156', '11', '3', '8', '2760.4800', '0.0000', '0.0000', '0.0000', '0.0000', '', '2016-09-13', '2016-09-29 14:48:43');
INSERT INTO `perday_data_item` VALUES ('157', '11', '7', '20', '925709.2000', '0.0000', '0.0000', '0.0000', '0.0000', '', '2016-09-13', '2016-09-29 14:48:54');
INSERT INTO `perday_data_item` VALUES ('158', '11', '7', '21', '285695.3500', '0.0000', '0.0000', '0.0000', '0.0000', '', '2016-09-13', '2016-09-29 14:49:03');
INSERT INTO `perday_data_item` VALUES ('159', '11', '9', '23', '151621.0200', '0.0000', '0.0000', '0.0000', '0.0000', '', '2016-09-13', '2016-09-29 14:49:16');
INSERT INTO `perday_data_item` VALUES ('160', '11', '11', '25', '0.0000', '0.0000', '0.0000', '0.0000', '0.0000', '', '2016-09-13', '2016-09-29 13:47:34');
INSERT INTO `perday_data_item` VALUES ('161', '11', '1', '2', '1060203.9000', '0.0000', '0.0000', '0.0000', '0.0000', '', '2016-09-12', '2016-09-29 14:46:05');
INSERT INTO `perday_data_item` VALUES ('162', '11', '1', '26', '0.0000', '0.0000', '0.0000', '0.0000', '0.0000', '', '2016-09-12', '2016-09-29 13:48:28');
INSERT INTO `perday_data_item` VALUES ('163', '11', '2', '5', '3794399.6900', '0.0000', '0.0000', '0.0000', '0.0000', '', '2016-09-12', '2016-09-29 14:46:33');
INSERT INTO `perday_data_item` VALUES ('164', '11', '3', '8', '2760.4800', '0.0000', '0.0000', '0.0000', '0.0000', '', '2016-09-12', '2016-09-29 14:46:51');
INSERT INTO `perday_data_item` VALUES ('165', '11', '7', '20', '3263671.8500', '0.0000', '0.0000', '0.0000', '0.0000', '', '2016-09-12', '2016-09-29 14:47:03');
INSERT INTO `perday_data_item` VALUES ('166', '11', '7', '21', '285695.3500', '0.0000', '0.0000', '0.0000', '0.0000', '', '2016-09-12', '2016-09-29 14:47:14');
INSERT INTO `perday_data_item` VALUES ('167', '11', '9', '23', '141596.2100', '0.0000', '0.0000', '0.0000', '0.0000', '', '2016-09-12', '2016-09-29 14:47:28');
INSERT INTO `perday_data_item` VALUES ('168', '11', '11', '25', '0.0000', '0.0000', '0.0000', '0.0000', '0.0000', '', '2016-09-12', '2016-09-29 13:48:28');
INSERT INTO `perday_data_item` VALUES ('169', '11', '1', '2', '1744064.5000', '0.0000', '0.0000', '0.0000', '0.0000', '', '2016-09-09', '2016-09-29 14:40:42');
INSERT INTO `perday_data_item` VALUES ('170', '11', '1', '26', '0.0000', '0.0000', '0.0000', '0.0000', '0.0000', '', '2016-09-09', '2016-09-29 13:49:22');
INSERT INTO `perday_data_item` VALUES ('171', '11', '2', '5', '11077146.5000', '0.0000', '0.0000', '0.0000', '0.0000', '', '2016-09-09', '2016-09-29 14:40:54');
INSERT INTO `perday_data_item` VALUES ('172', '11', '3', '8', '2760.4800', '0.0000', '0.0000', '0.0000', '0.0000', '', '2016-09-09', '2016-09-29 14:41:10');
INSERT INTO `perday_data_item` VALUES ('173', '11', '7', '20', '3263671.8500', '0.0000', '0.0000', '0.0000', '0.0000', '', '2016-09-09', '2016-09-29 14:41:20');
INSERT INTO `perday_data_item` VALUES ('174', '11', '7', '21', '285695.3500', '0.0000', '0.0000', '0.0000', '0.0000', '', '2016-09-09', '2016-09-29 14:41:30');
INSERT INTO `perday_data_item` VALUES ('175', '11', '9', '23', '141596.2100', '0.0000', '0.0000', '0.0000', '0.0000', '', '2016-09-09', '2016-09-29 14:41:39');
INSERT INTO `perday_data_item` VALUES ('176', '11', '11', '25', '0.0000', '0.0000', '0.0000', '0.0000', '0.0000', '', '2016-09-09', '2016-09-29 13:49:22');
INSERT INTO `perday_data_item` VALUES ('177', '11', '1', '2', '2507644.4100', '0.0000', '0.0000', '0.0000', '0.0000', '', '2016-09-08', '2016-09-29 14:39:12');
INSERT INTO `perday_data_item` VALUES ('178', '11', '1', '26', '0.0000', '0.0000', '0.0000', '0.0000', '0.0000', '', '2016-09-08', '2016-09-29 13:50:21');
INSERT INTO `perday_data_item` VALUES ('179', '11', '2', '5', '11249464.0000', '0.0000', '0.0000', '0.0000', '0.0000', '', '2016-09-08', '2016-09-29 14:39:26');
INSERT INTO `perday_data_item` VALUES ('180', '11', '3', '8', '12956.0400', '0.0000', '0.0000', '0.0000', '0.0000', '', '2016-09-08', '2016-09-29 14:39:39');
INSERT INTO `perday_data_item` VALUES ('181', '11', '7', '20', '3263671.8500', '0.0000', '0.0000', '0.0000', '0.0000', '', '2016-09-08', '2016-09-29 14:39:49');
INSERT INTO `perday_data_item` VALUES ('182', '11', '7', '21', '285695.3500', '0.0000', '0.0000', '0.0000', '0.0000', '', '2016-09-08', '2016-09-29 14:39:59');
INSERT INTO `perday_data_item` VALUES ('183', '11', '9', '23', '141596.2100', '0.0000', '0.0000', '0.0000', '0.0000', '', '2016-09-08', '2016-09-29 14:40:09');
INSERT INTO `perday_data_item` VALUES ('184', '11', '11', '25', '0.0000', '0.0000', '0.0000', '0.0000', '0.0000', '', '2016-09-08', '2016-09-29 13:50:21');
INSERT INTO `perday_data_item` VALUES ('185', '11', '1', '2', '2480426.5900', '0.0000', '0.0000', '0.0000', '0.0000', '', '2016-09-07', '2016-09-29 14:37:45');
INSERT INTO `perday_data_item` VALUES ('186', '11', '1', '26', '0.0000', '0.0000', '0.0000', '0.0000', '0.0000', '', '2016-09-07', '2016-09-29 13:51:50');
INSERT INTO `perday_data_item` VALUES ('187', '11', '2', '5', '3911135.1200', '0.0000', '0.0000', '0.0000', '0.0000', '', '2016-09-07', '2016-09-29 14:37:56');
INSERT INTO `perday_data_item` VALUES ('188', '11', '3', '8', '12956.0400', '0.0000', '0.0000', '0.0000', '0.0000', '', '2016-09-07', '2016-09-29 14:38:10');
INSERT INTO `perday_data_item` VALUES ('189', '11', '7', '20', '3263671.8500', '0.0000', '0.0000', '0.0000', '0.0000', '', '2016-09-07', '2016-09-29 14:38:20');
INSERT INTO `perday_data_item` VALUES ('190', '11', '7', '21', '285695.3500', '0.0000', '0.0000', '0.0000', '0.0000', '', '2016-09-07', '2016-09-29 14:38:28');
INSERT INTO `perday_data_item` VALUES ('191', '11', '9', '23', '141596.2100', '0.0000', '0.0000', '0.0000', '0.0000', '', '2016-09-07', '2016-09-29 14:38:40');
INSERT INTO `perday_data_item` VALUES ('192', '11', '11', '25', '0.0000', '0.0000', '0.0000', '0.0000', '0.0000', '', '2016-09-07', '2016-09-29 13:51:50');
INSERT INTO `perday_data_item` VALUES ('193', '11', '1', '2', '460301.3900', '0.0000', '0.0000', '0.0000', '0.0000', '', '2016-09-06', '2016-09-29 14:36:08');
INSERT INTO `perday_data_item` VALUES ('194', '11', '1', '26', '0.0000', '0.0000', '0.0000', '0.0000', '0.0000', '', '2016-09-06', '2016-09-29 13:52:45');
INSERT INTO `perday_data_item` VALUES ('195', '11', '2', '5', '7922465.8000', '0.0000', '0.0000', '0.0000', '0.0000', '', '2016-09-06', '2016-09-29 14:36:22');
INSERT INTO `perday_data_item` VALUES ('196', '11', '3', '8', '12956.0400', '0.0000', '0.0000', '0.0000', '0.0000', '', '2016-09-06', '2016-09-29 14:36:32');
INSERT INTO `perday_data_item` VALUES ('197', '11', '7', '20', '4232169.7000', '0.0000', '0.0000', '0.0000', '0.0000', '', '2016-09-06', '2016-09-29 14:36:46');
INSERT INTO `perday_data_item` VALUES ('198', '11', '7', '21', '285695.3500', '0.0000', '0.0000', '0.0000', '0.0000', '', '2016-09-06', '2016-09-29 14:36:54');
INSERT INTO `perday_data_item` VALUES ('199', '11', '9', '23', '141596.2100', '0.0000', '0.0000', '0.0000', '0.0000', '', '2016-09-06', '2016-09-29 14:37:10');
INSERT INTO `perday_data_item` VALUES ('200', '11', '11', '25', '0.0000', '0.0000', '0.0000', '0.0000', '0.0000', '', '2016-09-06', '2016-09-29 13:52:45');
INSERT INTO `perday_data_item` VALUES ('201', '11', '1', '2', '460301.3900', '0.0000', '0.0000', '0.0000', '0.0000', '', '2016-09-05', '2016-09-29 14:34:06');
INSERT INTO `perday_data_item` VALUES ('202', '11', '1', '26', '0.0000', '0.0000', '0.0000', '0.0000', '0.0000', '', '2016-09-05', '2016-09-29 13:53:43');
INSERT INTO `perday_data_item` VALUES ('203', '11', '2', '5', '7922465.8000', '0.0000', '0.0000', '0.0000', '0.0000', '', '2016-09-05', '2016-09-29 14:34:21');
INSERT INTO `perday_data_item` VALUES ('204', '11', '3', '8', '12956.0400', '0.0000', '0.0000', '0.0000', '0.0000', '', '2016-09-05', '2016-09-29 14:34:34');
INSERT INTO `perday_data_item` VALUES ('205', '11', '7', '20', '4232169.7000', '0.0000', '0.0000', '0.0000', '0.0000', '', '2016-09-05', '2016-09-29 14:35:05');
INSERT INTO `perday_data_item` VALUES ('206', '11', '7', '21', '285695.3500', '0.0000', '0.0000', '0.0000', '0.0000', '', '2016-09-05', '2016-09-29 14:35:16');
INSERT INTO `perday_data_item` VALUES ('207', '11', '9', '23', '141596.2100', '0.0000', '0.0000', '0.0000', '0.0000', '', '2016-09-05', '2016-09-29 14:35:30');
INSERT INTO `perday_data_item` VALUES ('208', '11', '11', '25', '0.0000', '0.0000', '0.0000', '0.0000', '0.0000', '', '2016-09-05', '2016-09-29 13:53:43');
INSERT INTO `perday_data_item` VALUES ('209', '11', '1', '2', '2500184.6200', '0.0000', '0.0000', '0.0000', '0.0000', '', '2016-09-02', '2016-09-29 14:31:50');
INSERT INTO `perday_data_item` VALUES ('210', '11', '1', '26', '0.0000', '0.0000', '0.0000', '0.0000', '0.0000', '', '2016-09-02', '2016-09-29 13:54:33');
INSERT INTO `perday_data_item` VALUES ('211', '11', '2', '5', '580393.5800', '0.0000', '0.0000', '0.0000', '0.0000', '', '2016-09-02', '2016-09-29 14:32:06');
INSERT INTO `perday_data_item` VALUES ('212', '11', '3', '8', '12956.0400', '0.0000', '0.0000', '0.0000', '0.0000', '', '2016-09-02', '2016-09-29 14:32:26');
INSERT INTO `perday_data_item` VALUES ('213', '11', '7', '20', '4232169.7000', '0.0000', '0.0000', '0.0000', '0.0000', '', '2016-09-02', '2016-09-29 14:32:41');
INSERT INTO `perday_data_item` VALUES ('214', '11', '7', '21', '285695.3500', '0.0000', '0.0000', '0.0000', '0.0000', '', '2016-09-02', '2016-09-29 14:32:52');
INSERT INTO `perday_data_item` VALUES ('215', '11', '9', '23', '141596.2100', '0.0000', '0.0000', '0.0000', '0.0000', '', '2016-09-02', '2016-09-29 14:33:08');
INSERT INTO `perday_data_item` VALUES ('216', '11', '11', '25', '0.0000', '0.0000', '0.0000', '0.0000', '0.0000', '', '2016-09-02', '2016-09-29 13:54:33');
INSERT INTO `perday_data_item` VALUES ('217', '3', '2', '4', '0.0000', '14295439.5300', '0.0000', '3658000.0000', '10982000.0000', '', '2016-09-02', '2016-09-29 14:03:27');
INSERT INTO `perday_data_item` VALUES ('218', '3', '2', '6', '-1115729.9800', '1544519.2000', '2620800.0000', '0.0000', '0.0000', '', '2016-09-02', '2016-09-29 14:03:52');
INSERT INTO `perday_data_item` VALUES ('219', '3', '2', '4', '0.0000', '6970251.2600', '0.0000', '0.0000', '0.0000', '', '2016-09-05', '2016-09-29 14:05:09');
INSERT INTO `perday_data_item` VALUES ('220', '3', '2', '6', '-442499.0800', '818244.0000', '2649360.0000', '0.0000', '0.0000', '', '2016-09-05', '2016-09-29 14:05:42');
INSERT INTO `perday_data_item` VALUES ('221', '3', '2', '4', '0.0000', '6970251.2600', '0.0000', '0.0000', '0.0000', '', '2016-09-06', '2016-09-29 14:06:18');
INSERT INTO `perday_data_item` VALUES ('222', '3', '2', '6', '-442499.0800', '818244.0000', '2649360.0000', '0.0000', '0.0000', '', '2016-09-06', '2016-09-29 14:06:47');
INSERT INTO `perday_data_item` VALUES ('223', '3', '2', '4', '0.0000', '10724602.9800', '0.0000', '0.0000', '0.0000', '', '2016-09-07', '2016-09-29 14:07:25');
INSERT INTO `perday_data_item` VALUES ('224', '3', '2', '6', '-624597.0900', '1004622.4000', '2664480.0000', '0.0000', '0.0000', '', '2016-09-07', '2016-09-29 14:07:52');
INSERT INTO `perday_data_item` VALUES ('225', '3', '2', '4', '0.0000', '3353229.6000', '0.0000', '0.0000', '0.0000', '', '2016-09-08', '2016-09-29 14:08:42');
INSERT INTO `perday_data_item` VALUES ('226', '3', '2', '6', '-455838.3100', '821392.8000', '2674224.0000', '0.0000', '0.0000', '', '2016-09-08', '2016-09-29 14:09:17');
INSERT INTO `perday_data_item` VALUES ('227', '3', '2', '4', '0.0000', '10717867.4000', '0.0000', '367300.0000', '0.0000', '', '2016-09-09', '2016-09-29 14:09:58');
INSERT INTO `perday_data_item` VALUES ('232', '3', '2', '6', '-1041886.4400', '1407969.2000', '2681280.0000', '0.0000', '0.0000', '', '2016-09-09', '2016-09-29 14:11:04');
INSERT INTO `perday_data_item` VALUES ('233', '3', '2', '4', '0.0000', '10592997.3000', '0.0000', '367300.0000', '0.0000', '', '2016-09-12', '2016-09-29 14:12:32');
INSERT INTO `perday_data_item` VALUES ('234', '3', '2', '6', '-579501.6400', '1032232.4000', '2631888.0000', '0.0000', '0.0000', '', '2016-09-12', '2016-09-29 14:12:32');
INSERT INTO `perday_data_item` VALUES ('235', '3', '2', '4', '0.0000', '14332209.9000', '0.0000', '4035300.0000', '0.0000', '', '2016-09-13', '2016-09-29 14:13:30');
INSERT INTO `perday_data_item` VALUES ('236', '3', '2', '6', '-2001553.4500', '2456912.0000', '2614752.0000', '0.0000', '0.0000', '', '2016-09-13', '2016-09-29 14:13:30');
INSERT INTO `perday_data_item` VALUES ('237', '3', '2', '4', '0.0000', '6961296.5000', '0.0000', '0.0000', '0.0000', '', '2016-09-14', '2016-09-29 14:14:25');
INSERT INTO `perday_data_item` VALUES ('238', '3', '2', '6', '-560802.7500', '997094.4000', '2591568.0000', '0.0000', '0.0000', '', '2016-09-14', '2016-09-29 14:14:25');
INSERT INTO `perday_data_item` VALUES ('239', '3', '2', '4', '0.0000', '6998509.1000', '0.0000', '0.0000', '0.0000', '', '2016-09-19', '2016-09-29 14:15:14');
INSERT INTO `perday_data_item` VALUES ('240', '3', '2', '6', '-959742.5500', '1303771.2000', '2605680.0000', '0.0000', '0.0000', '', '2016-09-19', '2016-09-29 14:15:14');
INSERT INTO `perday_data_item` VALUES ('241', '3', '2', '4', '0.0000', '10798379.2000', '0.0000', '0.0000', '0.0000', '', '2016-09-20', '2016-09-29 14:16:23');
INSERT INTO `perday_data_item` VALUES ('242', '3', '2', '6', '-1495875.7000', '1758266.4000', '2657088.0000', '0.0000', '0.0000', '', '2016-09-20', '2016-09-29 14:16:23');
INSERT INTO `perday_data_item` VALUES ('243', '3', '2', '4', '0.0000', '20163698.1000', '0.0000', '373400.0000', '0.0000', '', '2016-09-21', '2016-09-29 14:17:20');
INSERT INTO `perday_data_item` VALUES ('244', '3', '2', '6', '-1860505.4600', '2062420.8000', '2665824.0000', '0.0000', '0.0000', '', '2016-09-21', '2016-09-29 14:17:20');
INSERT INTO `perday_data_item` VALUES ('245', '3', '2', '4', '0.0000', '3431162.7000', '0.0000', '373400.0000', '0.0000', '', '2016-09-22', '2016-09-29 14:18:17');
INSERT INTO `perday_data_item` VALUES ('246', '3', '2', '6', '-316892.8600', '2375027.2000', '2682960.0000', '0.0000', '0.0000', '', '2016-09-22', '2016-09-29 14:18:17');
INSERT INTO `perday_data_item` VALUES ('247', '3', '2', '4', '0.0000', '10969206.0000', '0.0000', '751250.0000', '0.0000', '', '2016-09-23', '2016-09-29 14:19:06');
INSERT INTO `perday_data_item` VALUES ('248', '3', '2', '6', '-557393.8300', '2392364.8000', '2714544.0000', '0.0000', '0.0000', '', '2016-09-23', '2016-09-29 14:19:06');
INSERT INTO `perday_data_item` VALUES ('249', '3', '2', '4', '0.0000', '3788000.0000', '0.0000', '751250.0000', '0.0000', '', '2016-09-26', '2016-09-29 14:20:00');
INSERT INTO `perday_data_item` VALUES ('250', '3', '2', '6', '3661028.7500', '3154660.0000', '0.0000', '0.0000', '0.0000', '', '2016-09-26', '2016-09-29 14:20:00');
INSERT INTO `perday_data_item` VALUES ('251', '4', '3', '7', '0.0000', '42407733.8600', '0.0000', '0.0000', '0.0000', '', '2016-09-02', '2016-09-29 15:18:21');
INSERT INTO `perday_data_item` VALUES ('252', '4', '3', '9', '-23296251.1600', '10116923.0000', '32999040.0000', '0.0000', '0.0000', '', '2016-09-02', '2016-09-29 15:18:21');
INSERT INTO `perday_data_item` VALUES ('253', '4', '3', '10', '0.0000', '0.0000', '0.0000', '0.0000', '0.0000', '', '2016-09-02', '2016-09-29 15:18:21');
INSERT INTO `perday_data_item` VALUES ('254', '4', '3', '11', '200000.0000', '0.0000', '630000.0000', '0.0000', '0.0000', '', '2016-09-02', '2016-09-29 15:18:21');
INSERT INTO `perday_data_item` VALUES ('255', '4', '3', '7', '0.0000', '42920173.2300', '0.0000', '0.0000', '0.0000', '', '2016-09-05', '2016-09-29 15:21:40');
INSERT INTO `perday_data_item` VALUES ('256', '4', '3', '9', '-23770379.6400', '9854785.0000', '33527760.0000', '0.0000', '0.0000', '', '2016-09-05', '2016-09-29 15:21:40');
INSERT INTO `perday_data_item` VALUES ('257', '4', '3', '10', '0.0000', '0.0000', '0.0000', '0.0000', '0.0000', '', '2016-09-05', '2016-09-29 15:21:40');
INSERT INTO `perday_data_item` VALUES ('258', '4', '3', '11', '200000.0000', '0.0000', '630000.0000', '0.0000', '0.0000', '', '2016-09-05', '2016-09-29 15:21:40');
INSERT INTO `perday_data_item` VALUES ('259', '4', '3', '7', '0.0000', '96150712.8600', '0.0000', '0.0000', '0.0000', '', '2016-09-23', '2016-09-29 15:25:34');
INSERT INTO `perday_data_item` VALUES ('260', '4', '3', '9', '-66327957.5100', '9002823.6000', '73159344.0000', '0.0000', '0.0000', '', '2016-09-23', '2016-09-29 15:25:34');
INSERT INTO `perday_data_item` VALUES ('261', '4', '3', '10', '0.0000', '0.0000', '0.0000', '0.0000', '0.0000', '', '2016-09-23', '2016-09-29 15:25:34');
INSERT INTO `perday_data_item` VALUES ('262', '4', '3', '11', '200000.0000', '0.0000', '630000.0000', '0.0000', '0.0000', '', '2016-09-23', '2016-09-29 15:25:34');
INSERT INTO `perday_data_item` VALUES ('263', '4', '3', '7', '0.0000', '92315062.5600', '0.0000', '0.0000', '0.0000', '', '2016-09-22', '2016-09-29 15:27:41');
INSERT INTO `perday_data_item` VALUES ('264', '4', '3', '9', '-65131659.0200', '8503207.4000', '68563440.0000', '0.0000', '0.0000', '', '2016-09-22', '2016-09-29 15:27:41');
INSERT INTO `perday_data_item` VALUES ('265', '4', '3', '10', '0.0000', '0.0000', '0.0000', '0.0000', '0.0000', '', '2016-09-22', '2016-09-29 15:27:41');
INSERT INTO `perday_data_item` VALUES ('266', '4', '3', '11', '200000.0000', '0.0000', '630000.0000', '0.0000', '0.0000', '', '2016-09-22', '2016-09-29 15:27:41');
INSERT INTO `perday_data_item` VALUES ('267', '4', '3', '7', '0.0000', '89865180.6900', '0.0000', '0.0000', '0.0000', '', '2016-09-21', '2016-09-29 15:29:35');
INSERT INTO `perday_data_item` VALUES ('268', '4', '3', '9', '-60710774.4400', '17710513.6000', '63598944.0000', '0.0000', '0.0000', '', '2016-09-21', '2016-09-29 15:29:35');
INSERT INTO `perday_data_item` VALUES ('269', '4', '3', '10', '0.0000', '0.0000', '0.0000', '0.0000', '0.0000', '', '2016-09-21', '2016-09-29 15:29:35');
INSERT INTO `perday_data_item` VALUES ('270', '4', '3', '11', '200000.0000', '0.0000', '630000.0000', '0.0000', '0.0000', '', '2016-09-21', '2016-09-29 15:29:35');
INSERT INTO `perday_data_item` VALUES ('271', '4', '3', '7', '0.0000', '42916777.2800', '0.0000', '0.0000', '0.0000', '', '2016-09-20', '2016-09-29 15:30:48');
INSERT INTO `perday_data_item` VALUES ('272', '4', '3', '9', '-31647686.0900', '17657928.8000', '33607488.0000', '0.0000', '0.0000', '', '2016-09-20', '2016-09-29 15:30:48');
INSERT INTO `perday_data_item` VALUES ('273', '4', '3', '10', '0.0000', '0.0000', '0.0000', '0.0000', '0.0000', '', '2016-09-20', '2016-09-29 15:30:48');
INSERT INTO `perday_data_item` VALUES ('274', '4', '3', '11', '200000.0000', '0.0000', '630000.0000', '0.0000', '0.0000', '', '2016-09-20', '2016-09-29 15:30:48');
INSERT INTO `perday_data_item` VALUES ('275', '4', '3', '7', '0.0000', '42190707.6200', '0.0000', '0.0000', '0.0000', '', '2016-09-19', '2016-09-29 15:32:20');
INSERT INTO `perday_data_item` VALUES ('276', '4', '3', '9', '-30297310.8100', '17551775.4000', '33077040.0000', '0.0000', '0.0000', '', '2016-09-19', '2016-09-29 15:32:20');
INSERT INTO `perday_data_item` VALUES ('277', '4', '3', '10', '0.0000', '0.0000', '0.0000', '0.0000', '0.0000', '', '2016-09-19', '2016-09-29 15:32:20');
INSERT INTO `perday_data_item` VALUES ('278', '4', '3', '11', '200000.0000', '0.0000', '630000.0000', '0.0000', '0.0000', '', '2016-09-19', '2016-09-29 15:32:20');
INSERT INTO `perday_data_item` VALUES ('279', '4', '3', '7', '0.0000', '42137370.0800', '0.0000', '0.0000', '0.0000', '', '2016-09-14', '2016-09-29 15:34:05');
INSERT INTO `perday_data_item` VALUES ('280', '4', '3', '9', '-29998287.2100', '17411271.8000', '32953488.0000', '0.0000', '0.0000', '', '2016-09-14', '2016-09-29 15:34:05');
INSERT INTO `perday_data_item` VALUES ('281', '4', '3', '10', '0.0000', '0.0000', '0.0000', '0.0000', '0.0000', '', '2016-09-14', '2016-09-29 15:34:05');
INSERT INTO `perday_data_item` VALUES ('282', '4', '3', '11', '200000.0000', '0.0000', '630000.0000', '0.0000', '0.0000', '', '2016-09-14', '2016-09-29 15:34:05');
INSERT INTO `perday_data_item` VALUES ('283', '4', '3', '7', '0.0000', '42665511.4400', '0.0000', '0.0000', '0.0000', '', '2016-09-13', '2016-09-29 15:35:37');
INSERT INTO `perday_data_item` VALUES ('284', '4', '3', '9', '-30472364.4100', '17559509.0000', '33175392.0000', '0.0000', '0.0000', '', '2016-09-13', '2016-09-29 15:35:37');
INSERT INTO `perday_data_item` VALUES ('285', '4', '3', '10', '0.0000', '0.0000', '0.0000', '0.0000', '0.0000', '', '2016-09-13', '2016-09-29 15:35:37');
INSERT INTO `perday_data_item` VALUES ('286', '4', '3', '11', '200000.0000', '0.0000', '630000.0000', '0.0000', '0.0000', '', '2016-09-13', '2016-09-29 15:35:37');
INSERT INTO `perday_data_item` VALUES ('287', '4', '3', '7', '0.0000', '42503940.9400', '0.0000', '0.0000', '0.0000', '', '2016-09-12', '2016-09-29 15:36:54');
INSERT INTO `perday_data_item` VALUES ('288', '4', '3', '9', '-31756015.3700', '18143978.2000', '33258768.0000', '0.0000', '0.0000', '', '2016-09-12', '2016-09-29 15:36:54');
INSERT INTO `perday_data_item` VALUES ('289', '4', '3', '10', '0.0000', '0.0000', '0.0000', '0.0000', '0.0000', '', '2016-09-12', '2016-09-29 15:36:54');
INSERT INTO `perday_data_item` VALUES ('290', '4', '3', '11', '200000.0000', '0.0000', '630000.0000', '0.0000', '0.0000', '', '2016-09-12', '2016-09-29 15:36:54');
INSERT INTO `perday_data_item` VALUES ('291', '4', '3', '7', '0.0000', '43350269.4500', '0.0000', '0.0000', '0.0000', '', '2016-09-09', '2016-09-29 15:37:53');
INSERT INTO `perday_data_item` VALUES ('292', '4', '3', '9', '-30377039.4000', '16192114.4000', '33936960.0000', '0.0000', '0.0000', '', '2016-09-09', '2016-09-29 15:37:53');
INSERT INTO `perday_data_item` VALUES ('293', '4', '3', '10', '0.0000', '0.0000', '0.0000', '0.0000', '0.0000', '', '2016-09-09', '2016-09-29 15:37:53');
INSERT INTO `perday_data_item` VALUES ('294', '4', '3', '11', '200000.0000', '0.0000', '630000.0000', '0.0000', '0.0000', '', '2016-09-09', '2016-09-29 15:37:53');
INSERT INTO `perday_data_item` VALUES ('295', '4', '3', '7', '0.0000', '43334567.4700', '0.0000', '0.0000', '0.0000', '', '2016-09-08', '2016-09-29 15:39:03');
INSERT INTO `perday_data_item` VALUES ('296', '4', '3', '9', '-30452296.3000', '16266987.4000', '33957744.0000', '0.0000', '0.0000', '', '2016-09-08', '2016-09-29 15:39:03');
INSERT INTO `perday_data_item` VALUES ('297', '4', '3', '10', '0.0000', '0.0000', '0.0000', '0.0000', '0.0000', '', '2016-09-08', '2016-09-29 15:39:03');
INSERT INTO `perday_data_item` VALUES ('298', '4', '3', '11', '200000.0000', '0.0000', '630000.0000', '0.0000', '0.0000', '', '2016-09-08', '2016-09-29 15:39:03');
INSERT INTO `perday_data_item` VALUES ('299', '4', '3', '7', '0.0000', '43370645.1200', '0.0000', '0.0000', '0.0000', '', '2016-09-07', '2016-09-29 15:40:46');
INSERT INTO `perday_data_item` VALUES ('300', '4', '3', '9', '-23867864.0600', '9608185.0000', '33822240.0000', '0.0000', '0.0000', '', '2016-09-07', '2016-09-29 15:40:46');
INSERT INTO `perday_data_item` VALUES ('301', '4', '3', '10', '0.0000', '0.0000', '0.0000', '0.0000', '0.0000', '', '2016-09-07', '2016-09-29 15:40:46');
INSERT INTO `perday_data_item` VALUES ('302', '4', '3', '11', '200000.0000', '0.0000', '630000.0000', '0.0000', '0.0000', '', '2016-09-07', '2016-09-29 15:40:46');
INSERT INTO `perday_data_item` VALUES ('303', '4', '3', '7', '0.0000', '42920173.2300', '0.0000', '0.0000', '0.0000', '', '2016-09-06', '2016-09-29 15:42:31');
INSERT INTO `perday_data_item` VALUES ('304', '4', '3', '9', '-23770379.6400', '9854785.0000', '33527760.0000', '0.0000', '0.0000', '', '2016-09-06', '2016-09-29 15:42:32');
INSERT INTO `perday_data_item` VALUES ('305', '4', '3', '10', '0.0000', '0.0000', '0.0000', '0.0000', '0.0000', '', '2016-09-06', '2016-09-29 15:42:32');
INSERT INTO `perday_data_item` VALUES ('306', '4', '3', '11', '200000.0000', '0.0000', '630000.0000', '0.0000', '0.0000', '', '2016-09-06', '2016-09-29 15:42:32');
INSERT INTO `perday_data_item` VALUES ('307', '4', '3', '7', '0.0000', '99861396.7700', '0.0000', '0.0000', '0.0000', '', '2016-09-26', '2016-09-29 15:43:41');
INSERT INTO `perday_data_item` VALUES ('308', '4', '3', '9', '-69097236.3200', '8958932.8000', '72971328.0000', '0.0000', '0.0000', '', '2016-09-26', '2016-09-29 15:43:41');
INSERT INTO `perday_data_item` VALUES ('309', '4', '3', '10', '0.0000', '0.0000', '0.0000', '0.0000', '0.0000', '', '2016-09-26', '2016-09-29 15:43:41');
INSERT INTO `perday_data_item` VALUES ('310', '4', '3', '11', '200000.0000', '0.0000', '630000.0000', '0.0000', '0.0000', '', '2016-09-26', '2016-09-29 15:43:41');
INSERT INTO `perday_data_item` VALUES ('311', '5', '4', '12', '17480128.9600', '10754132.0000', '0.0000', '0.0000', '0.0000', '', '2016-09-13', '2016-09-29 15:48:46');
INSERT INTO `perday_data_item` VALUES ('312', '5', '4', '13', '642920.6300', '565394.0000', '3000000.0000', '0.0000', '0.0000', '', '2016-09-13', '2016-09-29 15:48:46');
INSERT INTO `perday_data_item` VALUES ('313', '5', '4', '14', '-726054.5400', '1419669.0000', '3000000.0000', '0.0000', '0.0000', '', '2016-09-13', '2016-09-29 15:48:46');
INSERT INTO `perday_data_item` VALUES ('314', '5', '4', '15', '0.0000', '0.0000', '0.0000', '0.0000', '0.0000', '', '2016-09-13', '2016-09-29 15:48:46');
INSERT INTO `perday_data_item` VALUES ('315', '5', '4', '12', '15376951.4000', '13500090.0000', '0.0000', '0.0000', '0.0000', '', '2016-09-12', '2016-09-29 15:50:56');
INSERT INTO `perday_data_item` VALUES ('316', '5', '4', '13', '541034.5600', '640289.0000', '3000000.0000', '0.0000', '0.0000', '', '2016-09-12', '2016-09-29 15:50:56');
INSERT INTO `perday_data_item` VALUES ('317', '5', '4', '14', '-775529.5400', '1419616.0000', '3000000.0000', '0.0000', '0.0000', '', '2016-09-12', '2016-09-29 15:50:56');
INSERT INTO `perday_data_item` VALUES ('318', '5', '4', '15', '0.0000', '0.0000', '0.0000', '0.0000', '0.0000', '', '2016-09-12', '2016-09-29 15:50:56');
INSERT INTO `perday_data_item` VALUES ('319', '5', '4', '12', '25561388.8500', '0.0000', '0.0000', '0.0000', '0.0000', '', '2016-09-23', '2016-09-29 15:52:04');
INSERT INTO `perday_data_item` VALUES ('320', '5', '4', '13', '1305156.6800', '0.0000', '3000000.0000', '0.0000', '0.0000', '', '2016-09-23', '2016-09-29 15:52:04');
INSERT INTO `perday_data_item` VALUES ('321', '5', '4', '14', '947690.4600', '0.0000', '3000000.0000', '0.0000', '0.0000', '', '2016-09-23', '2016-09-29 15:52:04');
INSERT INTO `perday_data_item` VALUES ('322', '5', '4', '15', '0.0000', '0.0000', '0.0000', '0.0000', '0.0000', '', '2016-09-23', '2016-09-29 15:52:04');
INSERT INTO `perday_data_item` VALUES ('323', '5', '4', '12', '25561388.8500', '0.0000', '0.0000', '0.0000', '0.0000', '', '2016-09-22', '2016-09-29 15:52:59');
INSERT INTO `perday_data_item` VALUES ('324', '5', '4', '13', '1305156.6800', '0.0000', '3000000.0000', '0.0000', '0.0000', '', '2016-09-22', '2016-09-29 15:53:00');
INSERT INTO `perday_data_item` VALUES ('325', '5', '4', '14', '947690.4600', '0.0000', '3000000.0000', '0.0000', '0.0000', '', '2016-09-22', '2016-09-29 15:53:00');
INSERT INTO `perday_data_item` VALUES ('326', '5', '4', '15', '0.0000', '0.0000', '0.0000', '0.0000', '0.0000', '', '2016-09-22', '2016-09-29 15:53:00');
INSERT INTO `perday_data_item` VALUES ('327', '5', '4', '12', '25561388.8500', '0.0000', '0.0000', '0.0000', '0.0000', '', '2016-09-21', '2016-09-29 15:53:58');
INSERT INTO `perday_data_item` VALUES ('328', '5', '4', '13', '1305156.6800', '0.0000', '3000000.0000', '0.0000', '0.0000', '', '2016-09-21', '2016-09-29 15:53:58');
INSERT INTO `perday_data_item` VALUES ('329', '5', '4', '14', '947690.4600', '0.0000', '3000000.0000', '0.0000', '0.0000', '', '2016-09-21', '2016-09-29 15:53:58');
INSERT INTO `perday_data_item` VALUES ('330', '5', '4', '15', '0.0000', '0.0000', '0.0000', '0.0000', '0.0000', '', '2016-09-21', '2016-09-29 15:53:58');
INSERT INTO `perday_data_item` VALUES ('331', '5', '4', '12', '25561388.8500', '0.0000', '0.0000', '0.0000', '0.0000', '', '2016-09-20', '2016-09-29 15:54:46');
INSERT INTO `perday_data_item` VALUES ('332', '5', '4', '13', '1305156.6800', '0.0000', '3000000.0000', '0.0000', '0.0000', '', '2016-09-20', '2016-09-29 16:06:45');
INSERT INTO `perday_data_item` VALUES ('333', '5', '4', '14', '947690.4600', '0.0000', '3000000.0000', '0.0000', '0.0000', '', '2016-09-20', '2016-09-29 16:06:34');
INSERT INTO `perday_data_item` VALUES ('334', '5', '4', '15', '0.0000', '0.0000', '0.0000', '0.0000', '0.0000', '', '2016-09-20', '2016-09-29 15:54:46');
INSERT INTO `perday_data_item` VALUES ('335', '5', '4', '12', '25894769.0000', '0.0000', '0.0000', '0.0000', '0.0000', '', '2016-09-19', '2016-09-29 15:56:17');
INSERT INTO `perday_data_item` VALUES ('336', '5', '4', '13', '1306705.7500', '0.0000', '3000000.0000', '0.0000', '0.0000', '', '2016-09-19', '2016-09-29 16:09:51');
INSERT INTO `perday_data_item` VALUES ('337', '5', '4', '14', '954395.4600', '0.0000', '3000000.0000', '0.0000', '0.0000', '', '2016-09-19', '2016-09-29 16:10:03');
INSERT INTO `perday_data_item` VALUES ('338', '5', '4', '15', '0.0000', '0.0000', '0.0000', '0.0000', '0.0000', '', '2016-09-19', '2016-09-29 15:56:17');
INSERT INTO `perday_data_item` VALUES ('339', '5', '4', '12', '17160684.4600', '10318796.0000', '0.0000', '0.0000', '0.0000', '', '2016-09-14', '2016-09-29 15:57:32');
INSERT INTO `perday_data_item` VALUES ('340', '5', '4', '13', '754926.2500', '562363.0000', '3000000.0000', '0.0000', '0.0000', '', '2016-09-14', '2016-09-29 15:57:32');
INSERT INTO `perday_data_item` VALUES ('341', '5', '4', '14', '-507922.5400', '1419682.0000', '3000000.0000', '0.0000', '0.0000', '', '2016-09-14', '2016-09-29 15:57:32');
INSERT INTO `perday_data_item` VALUES ('342', '5', '4', '15', '0.0000', '0.0000', '0.0000', '0.0000', '0.0000', '', '2016-09-14', '2016-09-29 15:57:32');
INSERT INTO `perday_data_item` VALUES ('343', '5', '4', '12', '25561388.8500', '0.0000', '0.0000', '0.0000', '0.0000', '', '2016-09-26', '2016-09-29 15:58:46');
INSERT INTO `perday_data_item` VALUES ('344', '5', '4', '13', '1305156.6800', '0.0000', '3000000.0000', '0.0000', '0.0000', '', '2016-09-26', '2016-09-29 15:58:46');
INSERT INTO `perday_data_item` VALUES ('345', '5', '4', '14', '947690.4600', '0.0000', '3000000.0000', '0.0000', '0.0000', '', '2016-09-26', '2016-09-29 15:58:46');
INSERT INTO `perday_data_item` VALUES ('346', '5', '4', '15', '0.0000', '0.0000', '0.0000', '0.0000', '0.0000', '', '2016-09-26', '2016-09-29 15:58:46');
INSERT INTO `perday_data_item` VALUES ('347', '5', '4', '12', '13265544.4800', '15172770.0000', '0.0000', '0.0000', '0.0000', '', '2016-09-09', '2016-09-29 15:59:46');
INSERT INTO `perday_data_item` VALUES ('348', '5', '4', '13', '197588.0600', '939001.0000', '3000000.0000', '0.0000', '0.0000', '', '2016-09-09', '2016-09-29 15:59:46');
INSERT INTO `perday_data_item` VALUES ('349', '5', '4', '14', '-855590.5400', '1419552.0000', '3000000.0000', '0.0000', '0.0000', '', '2016-09-09', '2016-09-29 15:59:46');
INSERT INTO `perday_data_item` VALUES ('350', '5', '4', '15', '0.0000', '0.0000', '0.0000', '0.0000', '0.0000', '', '2016-09-09', '2016-09-29 15:59:46');
INSERT INTO `perday_data_item` VALUES ('351', '5', '4', '12', '13203909.4800', '15193055.0000', '0.0000', '0.0000', '0.0000', '', '2016-09-08', '2016-09-29 16:00:52');
INSERT INTO `perday_data_item` VALUES ('352', '5', '4', '13', '217400.0600', '939016.0000', '3000000.0000', '0.0000', '0.0000', '', '2016-09-08', '2016-09-29 16:00:52');
INSERT INTO `perday_data_item` VALUES ('353', '5', '4', '14', '-817013.5400', '1419575.0000', '3000000.0000', '0.0000', '0.0000', '', '2016-09-08', '2016-09-29 16:00:52');
INSERT INTO `perday_data_item` VALUES ('354', '5', '4', '15', '0.0000', '0.0000', '0.0000', '0.0000', '0.0000', '', '2016-09-08', '2016-09-29 16:00:52');
INSERT INTO `perday_data_item` VALUES ('355', '5', '4', '12', '11892735.2200', '16673055.0000', '0.0000', '0.0000', '0.0000', '', '2016-09-07', '2016-09-29 16:02:06');
INSERT INTO `perday_data_item` VALUES ('356', '5', '4', '13', '60423.5600', '1058617.0000', '3000000.0000', '0.0000', '0.0000', '', '2016-09-07', '2016-09-29 16:02:06');
INSERT INTO `perday_data_item` VALUES ('357', '5', '4', '14', '-863416.5400', '1419575.0000', '3000000.0000', '0.0000', '0.0000', '', '2016-09-07', '2016-09-29 16:02:06');
INSERT INTO `perday_data_item` VALUES ('358', '5', '4', '15', '0.0000', '0.0000', '0.0000', '0.0000', '0.0000', '', '2016-09-07', '2016-09-29 16:02:06');
INSERT INTO `perday_data_item` VALUES ('359', '5', '4', '12', '9389468.9400', '20232390.0000', '0.0000', '0.0000', '0.0000', '', '2016-09-06', '2016-09-29 16:03:13');
INSERT INTO `perday_data_item` VALUES ('360', '5', '4', '13', '193767.5600', '718176.0000', '3000000.0000', '0.0000', '0.0000', '', '2016-09-06', '2016-09-29 16:03:13');
INSERT INTO `perday_data_item` VALUES ('361', '5', '4', '14', '-975345.5400', '1419496.0000', '3000000.0000', '0.0000', '0.0000', '', '2016-09-06', '2016-09-29 16:03:13');
INSERT INTO `perday_data_item` VALUES ('362', '5', '4', '15', '0.0000', '0.0000', '0.0000', '0.0000', '0.0000', '', '2016-09-06', '2016-09-29 16:03:13');
INSERT INTO `perday_data_item` VALUES ('363', '5', '4', '12', '9389468.9400', '20232390.0000', '0.0000', '0.0000', '0.0000', '', '2016-09-05', '2016-09-29 16:04:12');
INSERT INTO `perday_data_item` VALUES ('364', '5', '4', '13', '193767.5600', '718176.0000', '3000000.0000', '0.0000', '0.0000', '', '2016-09-05', '2016-09-29 16:04:12');
INSERT INTO `perday_data_item` VALUES ('365', '5', '4', '14', '-975345.5400', '1419496.0000', '3000000.0000', '0.0000', '0.0000', '', '2016-09-05', '2016-09-29 16:04:12');
INSERT INTO `perday_data_item` VALUES ('366', '5', '4', '15', '0.0000', '0.0000', '0.0000', '0.0000', '0.0000', '', '2016-09-05', '2016-09-29 16:04:12');
INSERT INTO `perday_data_item` VALUES ('367', '5', '4', '12', '9458148.9400', '20215410.0000', '0.0000', '0.0000', '0.0000', '', '2016-09-02', '2016-09-29 16:05:23');
INSERT INTO `perday_data_item` VALUES ('368', '5', '4', '13', '188886.5600', '719448.0000', '3000000.0000', '0.0000', '0.0000', '', '2016-09-02', '2016-09-29 16:05:23');
INSERT INTO `perday_data_item` VALUES ('369', '5', '4', '14', '-979200.5400', '1420935.0000', '3000000.0000', '0.0000', '0.0000', '', '2016-09-02', '2016-09-29 16:05:23');
INSERT INTO `perday_data_item` VALUES ('370', '5', '4', '15', '0.0000', '0.0000', '0.0000', '0.0000', '0.0000', '', '2016-09-02', '2016-09-29 16:05:23');
INSERT INTO `perday_data_item` VALUES ('371', '6', '5', '16', '893594.4200', '2988925.0000', '0.0000', '0.0000', '0.0000', '', '2016-09-02', '2016-09-29 17:01:17');
INSERT INTO `perday_data_item` VALUES ('372', '6', '5', '17', '615139.6300', '637840.5000', '0.0000', '0.0000', '0.0000', '', '2016-09-02', '2016-09-29 17:01:17');
INSERT INTO `perday_data_item` VALUES ('373', '6', '5', '16', '5750040.0700', '2982850.0000', '0.0000', '0.0000', '0.0000', '', '2016-09-05', '2016-09-29 17:02:53');
INSERT INTO `perday_data_item` VALUES ('374', '6', '5', '17', '624561.8000', '634682.5000', '0.0000', '0.0000', '0.0000', '', '2016-09-05', '2016-09-29 17:02:53');
INSERT INTO `perday_data_item` VALUES ('375', '6', '5', '16', '5750040.0700', '2982850.0000', '0.0000', '0.0000', '0.0000', '', '2016-09-06', '2016-09-29 17:03:39');
INSERT INTO `perday_data_item` VALUES ('376', '6', '5', '17', '624561.8000', '634682.5000', '0.0000', '0.0000', '0.0000', '', '2016-09-06', '2016-09-29 17:03:39');
INSERT INTO `perday_data_item` VALUES ('377', '6', '5', '16', '2267697.5000', '6685384.5200', '0.0000', '0.0000', '0.0000', '', '2016-09-07', '2016-09-29 17:04:23');
INSERT INTO `perday_data_item` VALUES ('378', '6', '5', '17', '687240.2200', '553907.0000', '0.0000', '0.0000', '0.0000', '', '2016-09-07', '2016-09-29 17:04:23');
INSERT INTO `perday_data_item` VALUES ('379', '6', '5', '16', '7135609.5200', '1854472.5000', '0.0000', '0.0000', '0.0000', '', '2016-09-08', '2016-09-29 17:05:17');
INSERT INTO `perday_data_item` VALUES ('380', '6', '5', '17', '590350.4400', '647813.5000', '0.0000', '0.0000', '0.0000', '', '2016-09-08', '2016-09-29 17:05:17');
INSERT INTO `perday_data_item` VALUES ('381', '6', '5', '16', '7899690.5200', '1187317.5000', '0.0000', '0.0000', '0.0000', '', '2016-09-09', '2016-09-29 17:06:02');
INSERT INTO `perday_data_item` VALUES ('382', '6', '5', '17', '454299.2100', '776246.0000', '0.0000', '0.0000', '0.0000', '', '2016-09-09', '2016-09-29 17:06:02');
INSERT INTO `perday_data_item` VALUES ('383', '6', '5', '16', '8069088.1200', '1104387.5000', '0.0000', '0.0000', '0.0000', '', '2016-09-12', '2016-09-29 17:06:48');
INSERT INTO `perday_data_item` VALUES ('384', '6', '5', '17', '417933.4600', '798614.0000', '0.0000', '0.0000', '0.0000', '', '2016-09-12', '2016-09-29 17:06:48');
INSERT INTO `perday_data_item` VALUES ('385', '6', '5', '16', '7099603.8400', '2115225.0000', '0.0000', '0.0000', '0.0000', '', '2016-09-13', '2016-09-29 17:07:33');
INSERT INTO `perday_data_item` VALUES ('386', '6', '5', '17', '295251.9100', '902447.0000', '0.0000', '0.0000', '0.0000', '', '2016-09-13', '2016-09-29 17:07:33');
INSERT INTO `perday_data_item` VALUES ('387', '6', '5', '16', '7150628.8400', '2131700.0000', '0.0000', '0.0000', '0.0000', '', '2016-09-14', '2016-09-29 17:08:13');
INSERT INTO `perday_data_item` VALUES ('388', '6', '5', '17', '392638.3700', '796880.0000', '0.0000', '0.0000', '0.0000', '', '2016-09-14', '2016-09-29 17:08:13');
INSERT INTO `perday_data_item` VALUES ('389', '6', '5', '16', '8823704.2900', '664225.0000', '0.0000', '0.0000', '0.0000', '', '2016-09-19', '2016-09-29 17:09:15');
INSERT INTO `perday_data_item` VALUES ('390', '6', '5', '17', '498812.5400', '741383.5000', '0.0000', '0.0000', '0.0000', '', '2016-09-19', '2016-09-29 17:09:16');
INSERT INTO `perday_data_item` VALUES ('391', '6', '5', '16', '8884979.2900', '590450.0000', '0.0000', '0.0000', '0.0000', '', '2016-09-20', '2016-09-29 17:09:56');
INSERT INTO `perday_data_item` VALUES ('392', '6', '5', '17', '612033.5400', '654904.0000', '0.0000', '0.0000', '0.0000', '', '2016-09-20', '2016-09-29 17:09:56');
INSERT INTO `perday_data_item` VALUES ('393', '6', '5', '16', '8873723.0400', '595456.2500', '0.0000', '0.0000', '0.0000', '', '2016-09-21', '2016-09-29 17:11:03');
INSERT INTO `perday_data_item` VALUES ('394', '6', '5', '17', '551532.9500', '713532.0000', '0.0000', '0.0000', '0.0000', '', '2016-09-21', '2016-09-29 17:11:03');
INSERT INTO `perday_data_item` VALUES ('395', '6', '5', '16', '9136267.2900', '444000.0000', '0.0000', '0.0000', '0.0000', '', '2016-09-22', '2016-09-29 17:11:52');
INSERT INTO `perday_data_item` VALUES ('396', '6', '5', '17', '632735.9500', '628138.0000', '0.0000', '0.0000', '0.0000', '', '2016-09-22', '2016-09-29 17:11:52');
INSERT INTO `perday_data_item` VALUES ('397', '6', '5', '16', '8399701.2300', '1198167.5000', '0.0000', '0.0000', '0.0000', '', '2016-09-23', '2016-09-29 17:12:47');
INSERT INTO `perday_data_item` VALUES ('398', '6', '5', '17', '580748.9800', '677967.5000', '0.0000', '0.0000', '0.0000', '', '2016-09-23', '2016-09-29 17:12:47');
INSERT INTO `perday_data_item` VALUES ('399', '6', '5', '16', '8484413.7300', '1172205.0000', '0.0000', '0.0000', '0.0000', '', '2016-09-26', '2016-09-29 17:13:33');
INSERT INTO `perday_data_item` VALUES ('400', '6', '5', '17', '580748.9800', '677967.5000', '0.0000', '0.0000', '0.0000', '', '2016-09-26', '2016-09-29 17:13:33');
INSERT INTO `perday_data_item` VALUES ('401', '7', '6', '18', '2465000.0600', '0.0000', '0.0000', '0.0000', '0.0000', '', '2016-09-02', '2016-09-29 17:14:30');
INSERT INTO `perday_data_item` VALUES ('402', '7', '6', '18', '2465000.0600', '0.0000', '0.0000', '0.0000', '0.0000', '', '2016-09-05', '2016-09-29 17:16:19');
INSERT INTO `perday_data_item` VALUES ('403', '7', '6', '18', '2465000.0600', '0.0000', '0.0000', '0.0000', '0.0000', '', '2016-09-06', '2016-09-29 17:16:36');
INSERT INTO `perday_data_item` VALUES ('404', '7', '6', '18', '2465000.0600', '0.0000', '0.0000', '0.0000', '0.0000', '', '2016-09-07', '2016-09-29 17:15:54');
INSERT INTO `perday_data_item` VALUES ('405', '7', '6', '18', '2465000.0600', '0.0000', '0.0000', '0.0000', '0.0000', '', '2016-09-08', '2016-09-29 17:17:02');
INSERT INTO `perday_data_item` VALUES ('406', '7', '6', '18', '2465000.0600', '0.0000', '0.0000', '0.0000', '0.0000', '', '2016-09-09', '2016-09-29 17:17:20');
INSERT INTO `perday_data_item` VALUES ('407', '7', '6', '18', '2465000.0600', '0.0000', '0.0000', '0.0000', '0.0000', '', '2016-09-12', '2016-09-29 17:17:40');
INSERT INTO `perday_data_item` VALUES ('408', '7', '6', '18', '2465000.0600', '0.0000', '0.0000', '0.0000', '0.0000', '', '2016-09-13', '2016-09-29 17:18:00');
INSERT INTO `perday_data_item` VALUES ('409', '7', '6', '18', '2465000.0600', '0.0000', '0.0000', '0.0000', '0.0000', '', '2016-09-14', '2016-09-29 17:18:43');
INSERT INTO `perday_data_item` VALUES ('410', '7', '6', '18', '2465000.0600', '0.0000', '0.0000', '0.0000', '0.0000', '', '2016-09-19', '2016-09-29 17:19:19');
INSERT INTO `perday_data_item` VALUES ('411', '7', '6', '18', '2465000.0600', '0.0000', '0.0000', '0.0000', '0.0000', '', '2016-09-20', '2016-09-29 17:19:31');
INSERT INTO `perday_data_item` VALUES ('412', '7', '6', '18', '1861309.6900', '597280.0000', '0.0000', '0.0000', '0.0000', '', '2016-09-21', '2016-09-29 17:20:14');
INSERT INTO `perday_data_item` VALUES ('413', '7', '6', '18', '1826749.6900', '599840.0000', '0.0000', '0.0000', '0.0000', '', '2016-09-22', '2016-09-29 17:20:39');
INSERT INTO `perday_data_item` VALUES ('414', '7', '6', '18', '1766269.6900', '604320.0000', '0.0000', '0.0000', '0.0000', '', '2016-09-23', '2016-09-29 17:21:31');
INSERT INTO `perday_data_item` VALUES ('415', '7', '6', '18', '1766269.6900', '604320.0000', '0.0000', '0.0000', '0.0000', '', '2016-09-26', '2016-09-29 17:21:54');
INSERT INTO `perday_data_item` VALUES ('416', '2', '1', '1', '123.0000', '0.0000', '0.0000', '0.0000', '0.0000', '', '2016-09-03', '2016-09-29 18:20:22');
INSERT INTO `perday_data_item` VALUES ('417', '2', '1', '3', '0.0000', '0.0000', '0.0000', '0.0000', '0.0000', '', '2016-09-03', '2016-09-29 18:20:22');
INSERT INTO `perday_data_item` VALUES ('418', '2', '1', '1', '123.0000', '0.0000', '0.0000', '0.0000', '0.0000', '', '2016-09-03', '2016-09-29 18:21:12');
INSERT INTO `perday_data_item` VALUES ('419', '2', '1', '3', '123.0000', '0.0000', '0.0000', '0.0000', '0.0000', '', '2016-09-03', '2016-09-29 18:21:12');
INSERT INTO `perday_data_item` VALUES ('420', '11', '1', '2', '0.0000', '0.0000', '0.0000', '0.0000', '0.0000', '', '2016-09-28', '2016-10-07 16:09:07');
INSERT INTO `perday_data_item` VALUES ('421', '11', '1', '26', '0.0000', '0.0000', '0.0000', '0.0000', '0.0000', '', '2016-09-28', '2016-10-07 16:09:07');
INSERT INTO `perday_data_item` VALUES ('422', '11', '2', '5', '4158083.3200', '0.0000', '0.0000', '0.0000', '0.0000', '', '2016-09-28', '2016-10-07 16:09:08');
INSERT INTO `perday_data_item` VALUES ('423', '11', '3', '8', '0.0000', '0.0000', '0.0000', '0.0000', '0.0000', '', '2016-09-28', '2016-10-07 16:09:08');
INSERT INTO `perday_data_item` VALUES ('424', '11', '7', '20', '0.0000', '0.0000', '0.0000', '0.0000', '0.0000', '', '2016-09-28', '2016-10-07 16:09:08');
INSERT INTO `perday_data_item` VALUES ('425', '11', '7', '21', '0.0000', '0.0000', '0.0000', '0.0000', '0.0000', '', '2016-09-28', '2016-10-07 16:09:08');
INSERT INTO `perday_data_item` VALUES ('426', '11', '9', '23', '0.0000', '0.0000', '0.0000', '0.0000', '0.0000', '', '2016-09-28', '2016-10-07 16:09:08');
INSERT INTO `perday_data_item` VALUES ('427', '11', '11', '25', '0.0000', '0.0000', '0.0000', '0.0000', '0.0000', '', '2016-09-28', '2016-10-07 16:09:08');
INSERT INTO `perday_data_item` VALUES ('428', '3', '2', '6', '-163014.6400', '626156.8000', '2584176.0000', '0.0000', '0.0000', null, '2016-09-28', '2016-10-07 17:16:13');
INSERT INTO `perday_data_item` VALUES ('429', '3', '2', '4', '0.0000', '0.0000', '0.0000', '0.0000', '0.0000', '测试张雪良1第一条', '2016-09-28', '2016-10-07 17:16:13');

-- ----------------------------
-- Table structure for `project`
-- ----------------------------
DROP TABLE IF EXISTS `project`;
CREATE TABLE `project` (
  `id` int(11) NOT NULL AUTO_INCREMENT,
  `name` varchar(100) DEFAULT NULL COMMENT '项目名称',
  `branch_id` int(11) DEFAULT NULL,
  `date` timestamp NULL DEFAULT CURRENT_TIMESTAMP ON UPDATE CURRENT_TIMESTAMP,
  `category` tinyint(4) DEFAULT NULL COMMENT '1：银行；2：期货；3：存货',
  `bank_category` tinyint(4) DEFAULT NULL COMMENT '0中国，1美国',
  `finish` tinyint(4) DEFAULT NULL COMMENT '1代表存在，0代表删除',
  `finish_date` date DEFAULT NULL COMMENT '删除项目日期',
  PRIMARY KEY (`id`)
) ENGINE=InnoDB AUTO_INCREMENT=27 DEFAULT CHARSET=utf8;

-- ----------------------------
-- Records of project
-- ----------------------------
INSERT INTO `project` VALUES ('1', '现货库存结存', '1', '2016-09-14 17:37:54', '3', '0', null, null);
INSERT INTO `project` VALUES ('2', '工行账号（4548）', '1', '2016-09-14 17:38:38', '1', '0', null, null);
INSERT INTO `project` VALUES ('3', '建信期货', '1', '2016-09-14 17:39:05', '2', '0', null, null);
INSERT INTO `project` VALUES ('4', '现货库存结存', '2', '2016-09-14 17:42:06', '3', '0', null, null);
INSERT INTO `project` VALUES ('5', '建设川沙银行（5710）', '2', '2016-09-14 17:42:49', '1', '0', null, null);
INSERT INTO `project` VALUES ('6', '一德子账户02 套期', '2', '2016-09-14 17:43:37', '2', '0', null, null);
INSERT INTO `project` VALUES ('7', '现货库存结存', '3', '2016-09-14 17:44:16', '3', '0', null, null);
INSERT INTO `project` VALUES ('8', '招商银行（0602）', '3', '2016-09-14 17:45:03', '1', '0', null, null);
INSERT INTO `project` VALUES ('9', '一德子账户01 套期', '3', '2016-09-14 17:45:30', '2', '0', null, null);
INSERT INTO `project` VALUES ('10', '五矿期货 套期', '3', '2016-09-14 17:45:58', '2', '0', null, null);
INSERT INTO `project` VALUES ('11', '无锡不锈钢 套期', '3', '2016-09-14 17:46:18', '2', '0', null, null);
INSERT INTO `project` VALUES ('12', '境内 申万', '4', '2016-09-14 20:31:07', '2', '0', null, null);
INSERT INTO `project` VALUES ('13', '境外 FCS', '4', '2016-09-14 20:31:29', '2', '1', null, null);
INSERT INTO `project` VALUES ('14', '境外 ED&F', '4', '2016-09-14 20:31:44', '2', '1', null, null);
INSERT INTO `project` VALUES ('15', '境外 招商220子帐号', '4', '2016-09-16 11:10:15', '2', '1', null, null);
INSERT INTO `project` VALUES ('16', '境内 建信1号子帐号', '5', '2016-09-16 11:12:27', '2', '0', null, null);
INSERT INTO `project` VALUES ('17', '境外 招商221子帐号', '5', '2016-09-16 11:12:51', '2', '1', null, null);
INSERT INTO `project` VALUES ('18', '境内 长江期货', '6', '2016-09-16 11:14:18', '2', '0', null, null);
INSERT INTO `project` VALUES ('19', '现货库存结存', '7', '2016-09-16 11:20:36', '3', '1', null, null);
INSERT INTO `project` VALUES ('20', '申源法巴银行', '7', '2016-09-16 11:15:49', '1', '1', null, null);
INSERT INTO `project` VALUES ('21', 'YLI汇丰银行', '7', '2016-09-16 11:16:18', '1', '1', null, null);
INSERT INTO `project` VALUES ('22', '现货库存结存', '9', '2016-09-16 11:20:28', '3', '0', null, null);
INSERT INTO `project` VALUES ('23', '民生银行（9782）', '9', '2016-09-16 11:19:53', '1', '0', null, null);
INSERT INTO `project` VALUES ('24', '长江期货', '9', '2016-09-16 11:20:39', '2', '0', null, null);
INSERT INTO `project` VALUES ('25', '测试项目', '11', '2016-09-22 18:20:44', '1', '1', null, null);
INSERT INTO `project` VALUES ('26', '其他货币资金（工行承兑汇票）', '1', '2016-09-26 18:32:22', '1', '0', null, null);

-- ----------------------------
-- Table structure for `user`
-- ----------------------------
DROP TABLE IF EXISTS `user`;
CREATE TABLE `user` (
  `id` int(11) NOT NULL AUTO_INCREMENT,
  `branch_id` int(11) DEFAULT NULL COMMENT '部门的id',
  `branch_manager` tinyint(4) DEFAULT NULL COMMENT '1表示经理，0表示不是经理',
  `user_name` varchar(100) DEFAULT NULL COMMENT '账户姓名',
  `user_password` varchar(50) DEFAULT NULL COMMENT '账户密码',
  `power` int(11) DEFAULT NULL COMMENT '设想用数字来设置用户权限',
  `date` timestamp NULL DEFAULT CURRENT_TIMESTAMP ON UPDATE CURRENT_TIMESTAMP COMMENT '用户创建时间',
  PRIMARY KEY (`id`)
) ENGINE=InnoDB AUTO_INCREMENT=13 DEFAULT CHARSET=utf8;

-- ----------------------------
-- Records of user
-- ----------------------------
INSERT INTO `user` VALUES ('1', '10', '1', '冯郭飞', '123456', '3', '2016-09-24 09:26:08');
INSERT INTO `user` VALUES ('2', '1', '0', '黄炳姜', '123456', '1', '2016-09-24 09:25:54');
INSERT INTO `user` VALUES ('3', '2', '0', '张雪良1', '123456', '1', '2016-09-24 09:25:56');
INSERT INTO `user` VALUES ('4', '3', '0', '张雪良2', '123456', '1', '2016-09-24 09:25:57');
INSERT INTO `user` VALUES ('5', '4', '0', '张雪良3', '123456', '1', '2016-09-24 09:25:59');
INSERT INTO `user` VALUES ('6', '5', '0', '汪旭琪', '123456', '1', '2016-09-24 09:26:00');
INSERT INTO `user` VALUES ('7', '6', '0', '张表强', '123456', '1', '2016-09-24 09:26:01');
INSERT INTO `user` VALUES ('8', '7', '0', '陈明杰1', '123456', '1', '2016-09-24 09:26:02');
INSERT INTO `user` VALUES ('9', '8', '0', '陈明杰2', '123456', '1', '2016-09-24 09:26:04');
INSERT INTO `user` VALUES ('10', '9', '0', '金坛', '123456', '1', '2016-09-24 09:26:06');
INSERT INTO `user` VALUES ('11', null, '0', '银行', '123456', '2', '2016-09-22 18:06:00');
INSERT INTO `user` VALUES ('12', '11', '1', '张三', '123456', '1', '2016-09-24 09:26:16');

-- ----------------------------
-- Table structure for `working_capital`
-- ----------------------------
DROP TABLE IF EXISTS `working_capital`;
CREATE TABLE `working_capital` (
  `id` int(11) NOT NULL AUTO_INCREMENT,
  `branch_id` int(11) DEFAULT NULL COMMENT '部门ID',
  `user_id` int(11) DEFAULT NULL COMMENT '插入数据的用户ID',
  `direction` varchar(255) DEFAULT NULL COMMENT '出入金方向',
  `sum` float DEFAULT NULL COMMENT '出入金数量',
  `accumulate` float DEFAULT NULL COMMENT '累计初始资金',
  `dailyinterest` float DEFAULT NULL COMMENT '日利息',
  `fundsrate` varchar(255) DEFAULT NULL COMMENT '资金利率(年化)',
  `fromto` text COMMENT '来源/去向',
  `remark` text COMMENT '备注',
  `effect_date` date DEFAULT NULL COMMENT '日期',
  `date` timestamp NULL DEFAULT CURRENT_TIMESTAMP ON UPDATE CURRENT_TIMESTAMP COMMENT '插入数据库日期',
  PRIMARY KEY (`id`)
) ENGINE=InnoDB AUTO_INCREMENT=21 DEFAULT CHARSET=utf8;

-- ----------------------------
-- Records of working_capital
-- ----------------------------
INSERT INTO `working_capital` VALUES ('1', '2', '3', '入金', '5000000', '5000000', '1369.86', '10%', '初期', '哈', '2016-09-01', '2016-10-08 16:22:15');
INSERT INTO `working_capital` VALUES ('2', '2', '3', '入金', '5000000', '10000000', '1643.84', '12%', '向二部拆借', '添加备注', '2016-09-10', '2016-10-08 14:51:13');
INSERT INTO `working_capital` VALUES ('3', '3', '4', '入金', '5000000', '5000000', null, null, null, null, '2016-09-01', '2016-10-08 14:56:51');
INSERT INTO `working_capital` VALUES ('4', '3', '4', '入金', '5000000', '10000000', null, null, null, null, '2016-09-10', '2016-10-08 14:56:52');
INSERT INTO `working_capital` VALUES ('5', '1', '2', '入金', '5000000', '5000000', null, null, null, null, '2016-09-01', '2016-10-08 14:56:52');
INSERT INTO `working_capital` VALUES ('6', '1', '2', '入金', '5000000', '10000000', null, null, null, null, '2016-09-10', '2016-10-08 14:56:53');
INSERT INTO `working_capital` VALUES ('7', '4', '5', '入金', '5000000', '5000000', null, null, null, null, '2016-09-01', '2016-10-08 14:56:54');
INSERT INTO `working_capital` VALUES ('8', '4', '5', '入金', '5000000', '10000000', null, null, null, null, '2016-09-10', '2016-10-08 14:56:54');
INSERT INTO `working_capital` VALUES ('9', '5', '6', '入金', '5000000', '5000000', null, null, null, null, '2016-09-01', '2016-10-08 14:56:55');
INSERT INTO `working_capital` VALUES ('10', '5', '6', '入金', '5000000', '10000000', null, null, null, null, '2016-09-10', '2016-10-08 14:56:56');
INSERT INTO `working_capital` VALUES ('11', '6', '7', '入金', '5000000', '5000000', null, null, null, null, '2016-09-01', '2016-10-08 14:56:57');
INSERT INTO `working_capital` VALUES ('12', '6', '7', '入金', '5000000', '10000000', null, null, null, null, '2016-09-10', '2016-10-08 14:56:57');
INSERT INTO `working_capital` VALUES ('13', '7', '8', '入金', '5000000', '5000000', null, null, null, null, '2016-09-01', '2016-10-08 14:56:58');
INSERT INTO `working_capital` VALUES ('14', '7', '8', '入金', '5000000', '10000000', null, null, null, null, '2016-09-10', '2016-10-08 14:56:59');
INSERT INTO `working_capital` VALUES ('17', '9', '10', '入金', '5000000', '5000000', null, null, null, null, '2016-09-01', '2016-10-08 14:57:00');
INSERT INTO `working_capital` VALUES ('18', '9', '10', '入金', '5000000', '10000000', null, null, null, null, '2016-09-10', '2016-10-08 14:57:00');
INSERT INTO `working_capital` VALUES ('19', '1', '11', '入金', '5000000', '15000000', '1369.86', '10%', '初期', '修改1009', '2016-10-10', '2016-10-10 16:01:19');
INSERT INTO `working_capital` VALUES ('20', '2', '11', '入金', '5000000', '15000000', '1369.86', '10%', '初期', '修改1009', '2016-10-10', '2016-10-10 16:01:30');
