-- phpMyAdmin SQL Dump
-- version 4.5.1
-- http://www.phpmyadmin.net
--
-- Host: 127.0.0.1
-- Generation Time: 2016-10-13 08:39:26
-- 服务器版本： 10.1.16-MariaDB
-- PHP Version: 5.6.24

SET SQL_MODE = "NO_AUTO_VALUE_ON_ZERO";
SET time_zone = "+00:00";


/*!40101 SET @OLD_CHARACTER_SET_CLIENT=@@CHARACTER_SET_CLIENT */;
/*!40101 SET @OLD_CHARACTER_SET_RESULTS=@@CHARACTER_SET_RESULTS */;
/*!40101 SET @OLD_COLLATION_CONNECTION=@@COLLATION_CONNECTION */;
/*!40101 SET NAMES utf8mb4 */;

--
-- Database: `yuanlu_fund1`
--

-- --------------------------------------------------------

--
-- 表的结构 `branch`
--

CREATE TABLE `branch` (
  `id` int(11) NOT NULL,
  `name` varchar(100) DEFAULT NULL COMMENT '部门的名称',
  `date` timestamp NULL DEFAULT CURRENT_TIMESTAMP ON UPDATE CURRENT_TIMESTAMP COMMENT '日期',
  `finish` tinyint(4) DEFAULT '1' COMMENT '1代表存在，0代表删除',
  `finish_date` date DEFAULT NULL COMMENT '删除部门日期'
) ENGINE=InnoDB DEFAULT CHARSET=utf8;

--
-- 转存表中的数据 `branch`
--

INSERT INTO `branch` (`id`, `name`, `date`, `finish`, `finish_date`) VALUES
(1, '现货1', '2016-09-08 14:49:57', 1, NULL),
(2, '现货2', '2016-09-08 14:50:03', 1, NULL),
(3, '现货3', '2016-09-08 14:50:10', 1, NULL),
(4, '对冲交易1', '2016-09-08 14:50:26', 1, NULL),
(5, '对冲交易2', '2016-09-08 14:50:44', 1, NULL),
(6, '期货投机1', '2016-09-08 14:51:20', 1, NULL),
(7, '海外现货1', '2016-09-08 14:51:28', 1, NULL),
(9, '现货4', '2016-09-08 14:51:50', 1, NULL),
(10, '超级管理员', '2016-09-08 15:03:53', 1, NULL),
(11, '测试部门', '2016-09-22 10:17:48', 1, NULL),
(12, '银行部门', '2016-09-27 10:34:42', 1, NULL);

-- --------------------------------------------------------

--
-- 表的结构 `exchange_rate`
--

CREATE TABLE `exchange_rate` (
  `id` int(11) NOT NULL,
  `onshore_exchange_rate` decimal(10,4) DEFAULT NULL COMMENT '在岸汇率',
  `offshore_exchange_rate` decimal(10,4) DEFAULT NULL COMMENT '离岸汇率',
  `effect_date` date DEFAULT NULL COMMENT '汇率正真日期',
  `date` timestamp NULL DEFAULT CURRENT_TIMESTAMP COMMENT '汇率插入数据库日期'
) ENGINE=InnoDB DEFAULT CHARSET=utf8;

--
-- 转存表中的数据 `exchange_rate`
--

INSERT INTO `exchange_rate` (`id`, `onshore_exchange_rate`, `offshore_exchange_rate`, `effect_date`, `date`) VALUES
(11, '6.6727', '6.6630', '2016-09-02', '2016-09-29 06:23:02'),
(12, '6.6873', '0.0000', '2016-09-05', '2016-09-29 06:24:37'),
(13, '6.6873', '0.0000', '2016-09-06', '2016-09-29 06:25:42'),
(14, '6.6555', '0.0000', '2016-09-07', '2016-09-29 06:26:11'),
(15, '6.6620', '0.0000', '2016-09-08', '2016-09-29 06:26:38'),
(16, '6.6684', '0.0000', '2016-09-09', '2016-09-29 06:27:06'),
(17, '6.6908', '0.0000', '2016-09-12', '2016-09-29 06:27:33'),
(18, '6.6726', '0.0000', '2016-09-13', '2016-09-29 06:28:05'),
(19, '6.6895', '0.0000', '2016-09-14', '2016-09-29 06:28:26'),
(20, '6.6786', '0.0000', '2016-09-19', '2016-09-29 06:28:50'),
(21, '6.6595', '0.0000', '2016-09-20', '2016-09-29 06:29:14'),
(22, '6.6738', '0.0000', '2016-09-21', '2016-09-29 06:29:37'),
(23, '6.6513', '0.0000', '2016-09-22', '2016-09-29 06:29:59'),
(24, '6.6670', '0.0000', '2016-09-23', '2016-09-29 06:30:31'),
(25, '6.6744', '0.0000', '2016-09-26', '2016-09-29 06:30:52'),
(26, '6.6646', '0.0000', '2016-09-27', '2016-10-07 09:19:27');

-- --------------------------------------------------------

--
-- 表的结构 `perday_data_item`
--

CREATE TABLE `perday_data_item` (
  `id` int(11) NOT NULL,
  `user_id` int(11) DEFAULT NULL COMMENT '插入者ID',
  `branch_id` int(11) DEFAULT NULL COMMENT '数据所属部门',
  `project_id` int(11) DEFAULT NULL COMMENT '项目ID',
  `asset_money` decimal(20,4) DEFAULT NULL COMMENT '资产现金',
  `asset_product` decimal(20,4) DEFAULT NULL COMMENT '资产品',
  `finance_debt` double(20,4) DEFAULT NULL COMMENT '融资负债/授信',
  `receivable` double(20,4) DEFAULT NULL COMMENT '应收',
  `payable` double(20,4) DEFAULT NULL COMMENT '应付',
  `remark` text COMMENT '备注',
  `effect_date` date DEFAULT NULL COMMENT '日报生效日期',
  `date` timestamp NULL DEFAULT CURRENT_TIMESTAMP ON UPDATE CURRENT_TIMESTAMP COMMENT '数据插入时间'
) ENGINE=InnoDB DEFAULT CHARSET=utf8;

--
-- 转存表中的数据 `perday_data_item`
--

INSERT INTO `perday_data_item` (`id`, `user_id`, `branch_id`, `project_id`, `asset_money`, `asset_product`, `finance_debt`, `receivable`, `payable`, `remark`, `effect_date`, `date`) VALUES
(67, 2, 1, 1, '0.0000', '3448175.7600', 0.0000, 892661.4127, 0.0000, '', '2016-09-02', '2016-09-28 07:32:09'),
(68, 2, 1, 3, '-236025.3300', '431427.5000', 472797.4100, 0.0000, 0.0000, '', '2016-09-02', '2016-09-28 07:32:09'),
(69, 2, 1, 1, '0.0000', '5466106.8000', 0.0000, 892661.4127, 0.0000, '', '2016-09-05', '2016-09-28 07:33:17'),
(70, 2, 1, 3, '-430984.7500', '629915.0000', 495800.0000, 0.0000, 0.0000, '', '2016-09-05', '2016-09-28 07:33:17'),
(71, 2, 1, 1, '0.0000', '5466106.8000', 0.0000, 892661.4127, 0.0000, '', '2016-09-06', '2016-09-28 07:34:03'),
(72, 2, 1, 3, '-430984.7500', '629915.0000', 495800.0000, 0.0000, 0.0000, '', '2016-09-06', '2016-09-28 07:34:03'),
(73, 2, 1, 1, '0.0000', '3402091.6500', 0.0000, 892661.4127, 0.0000, '', '2016-09-07', '2016-09-28 07:37:46'),
(74, 2, 1, 3, '-122769.3400', '408957.5000', 496200.0000, 0.0000, 0.0000, '', '2016-09-07', '2016-09-28 07:37:58'),
(75, 2, 1, 1, '0.0000', '3415645.8000', 0.0000, 876089.9300, 0.0000, '', '2016-09-08', '2016-09-28 07:36:24'),
(76, 2, 1, 3, '-107304.3400', '409097.5000', 497800.0000, 0.0000, 0.0000, '', '2016-09-08', '2016-09-28 07:36:24'),
(77, 2, 1, 1, '0.0000', '3434621.6100', 0.0000, 1579509.1200, 0.0000, '', '2016-09-09', '2016-09-29 05:14:13'),
(78, 2, 1, 3, '-131799.3400', '411442.5000', 502200.0000, 0.0000, 0.0000, '', '2016-09-09', '2016-09-29 05:14:13'),
(79, 2, 1, 1, '0.0000', '3407513.3100', 0.0000, 2272353.5600, 0.0000, '', '2016-09-12', '2016-09-29 05:15:34'),
(80, 2, 1, 3, '-35096.6400', '338175.0000', 501200.0000, 0.0000, 0.0000, '', '2016-09-12', '2016-09-29 05:15:34'),
(81, 2, 1, 1, '0.0000', '3412934.9700', 0.0000, 706780.3475, 0.0000, '', '2016-09-13', '2016-09-29 05:16:46'),
(82, 2, 1, 3, '-140091.4700', '370950.0000', 503400.0000, 0.0000, 0.0000, '', '2016-09-13', '2016-09-29 05:16:46'),
(83, 2, 1, 1, '0.0000', '3410224.1400', 0.0000, 1584998.6825, 0.0000, '', '2016-09-14', '2016-09-29 05:17:54'),
(84, 2, 1, 3, '-76141.1700', '322402.5000', 502600.0000, 0.0000, 0.0000, '', '2016-09-14', '2016-09-29 05:17:54'),
(85, 2, 1, 1, '0.0000', '2680935.8000', 0.0000, 2273998.2525, 0.0000, '', '2016-09-19', '2016-09-29 05:19:08'),
(86, 2, 1, 3, '-11952.3200', '258556.2500', 498800.0000, 0.0000, 0.0000, '', '2016-09-19', '2016-09-29 05:19:08'),
(87, 2, 1, 1, '0.0000', '2008788.8250', 0.0000, 1392952.9500, 0.0000, '', '2016-09-20', '2016-09-29 05:20:25'),
(88, 2, 1, 3, '29877.7800', '199068.7500', 491600.0000, 0.0000, 0.0000, '', '2016-09-20', '2016-09-29 05:20:25'),
(89, 2, 1, 1, '0.0000', '1266848.7200', 0.0000, 2158520.7600, 0.0000, '', '2016-09-21', '2016-09-29 05:21:32'),
(90, 2, 1, 3, '576145.3800', '138368.7500', 494200.0000, 0.0000, 0.0000, '', '2016-09-21', '2016-09-29 05:21:32'),
(91, 2, 1, 1, '0.0000', '1307323.1200', 0.0000, 765567.8100, 0.0000, '', '2016-09-22', '2016-09-29 05:22:42'),
(92, 2, 1, 3, '96993.0800', '108106.2500', 500400.0000, 0.0000, 0.0000, '', '2016-09-22', '2016-09-29 05:22:43'),
(93, 2, 1, 1, '0.0000', '668112.3600', 0.0000, 0.0000, 0.0000, '', '2016-09-23', '2016-09-29 05:24:40'),
(94, 2, 1, 3, '94319.7300', '93900.0000', 506800.0000, 0.0000, 0.0000, '', '2016-09-23', '2016-09-29 05:24:49'),
(95, 2, 1, 1, '0.0000', '0.0000', 0.0000, 0.0000, 0.0000, '', '2016-09-26', '2016-09-29 05:25:52'),
(96, 2, 1, 3, '99712.3300', '93850.0000', 0.0000, 0.0000, 0.0000, '', '2016-09-26', '2016-09-29 05:25:52'),
(97, 11, 1, 2, '6084111.0900', '0.0000', 0.0000, 0.0000, 0.0000, '', '2016-09-26', '2016-09-29 06:58:52'),
(98, 11, 1, 26, '0.0000', '0.0000', 0.0000, 0.0000, 0.0000, '', '2016-09-26', '2016-09-29 05:29:08'),
(99, 11, 2, 5, '18938258.8300', '0.0000', 0.0000, 0.0000, 0.0000, '', '2016-09-26', '2016-09-29 06:59:06'),
(100, 11, 3, 8, '236395.0500', '0.0000', 0.0000, 0.0000, 0.0000, '', '2016-09-26', '2016-09-29 06:59:25'),
(101, 11, 7, 20, '625680.8400', '0.0000', 0.0000, 0.0000, 0.0000, '', '2016-09-26', '2016-09-29 06:59:38'),
(102, 11, 7, 21, '2413528.4500', '0.0000', 0.0000, 0.0000, 0.0000, '', '2016-09-26', '2016-09-29 06:59:48'),
(103, 11, 9, 23, '153674.6900', '0.0000', 0.0000, 0.0000, 0.0000, '', '2016-09-26', '2016-09-29 06:59:58'),
(104, 11, 11, 25, '0.0000', '0.0000', 0.0000, 0.0000, 0.0000, '', '2016-09-26', '2016-09-29 05:29:08'),
(105, 11, 1, 2, '5414763.8200', '0.0000', 0.0000, 0.0000, 0.0000, '', '2016-09-23', '2016-09-29 05:31:14'),
(106, 11, 1, 26, '0.0000', '0.0000', 0.0000, 0.0000, 0.0000, '', '2016-09-23', '2016-09-29 05:31:14'),
(107, 11, 2, 5, '20684928.1800', '0.0000', 0.0000, 0.0000, 0.0000, '', '2016-09-23', '2016-09-29 06:57:22'),
(108, 11, 3, 8, '648601.0500', '0.0000', 0.0000, 0.0000, 0.0000, '', '2016-09-23', '2016-09-29 06:57:33'),
(109, 11, 7, 20, '625680.8400', '0.0000', 0.0000, 0.0000, 0.0000, '', '2016-09-23', '2016-09-29 06:57:43'),
(110, 11, 7, 21, '465631.2000', '0.0000', 0.0000, 0.0000, 0.0000, '', '2016-09-23', '2016-09-29 06:57:51'),
(111, 11, 9, 23, '153674.6900', '0.0000', 0.0000, 0.0000, 0.0000, '', '2016-09-23', '2016-09-29 06:58:04'),
(112, 11, 11, 25, '0.0000', '0.0000', 0.0000, 0.0000, 0.0000, '', '2016-09-23', '2016-09-29 05:31:14'),
(113, 11, 1, 2, '4733389.3300', '0.0000', 0.0000, 0.0000, 0.0000, '', '2016-09-22', '2016-09-29 06:55:51'),
(114, 11, 1, 26, '0.0000', '0.0000', 0.0000, 0.0000, 0.0000, '', '2016-09-22', '2016-09-29 05:32:42'),
(115, 11, 2, 5, '28296739.9600', '0.0000', 0.0000, 0.0000, 0.0000, '', '2016-09-22', '2016-09-29 06:56:00'),
(116, 11, 3, 8, '5005678.9000', '0.0000', 0.0000, 0.0000, 0.0000, '', '2016-09-22', '2016-09-29 06:56:11'),
(117, 11, 7, 20, '625680.8400', '0.0000', 0.0000, 0.0000, 0.0000, '', '2016-09-22', '2016-09-29 06:56:20'),
(118, 11, 7, 21, '465631.2000', '0.0000', 0.0000, 0.0000, 0.0000, '', '2016-09-22', '2016-09-29 06:56:29'),
(119, 11, 9, 23, '153674.6900', '0.0000', 0.0000, 0.0000, 0.0000, '', '2016-09-22', '2016-09-29 06:56:42'),
(120, 11, 11, 25, '0.0000', '0.0000', 0.0000, 0.0000, 0.0000, '', '2016-09-22', '2016-09-29 05:32:42'),
(121, 11, 1, 2, '3344492.3800', '0.0000', 0.0000, 0.0000, 0.0000, '', '2016-09-21', '2016-09-29 06:54:29'),
(122, 11, 1, 26, '0.0000', '0.0000', 0.0000, 0.0000, 0.0000, '', '2016-09-21', '2016-09-29 05:34:21'),
(123, 11, 2, 5, '13847771.9000', '0.0000', 0.0000, 0.0000, 0.0000, '', '2016-09-21', '2016-09-29 06:54:39'),
(124, 11, 3, 8, '5082.5200', '0.0000', 0.0000, 0.0000, 0.0000, '', '2016-09-21', '2016-09-29 06:54:56'),
(125, 11, 7, 20, '925709.2000', '0.0000', 0.0000, 0.0000, 0.0000, '', '2016-09-21', '2016-09-29 06:55:05'),
(126, 11, 7, 21, '2623622.6200', '0.0000', 0.0000, 0.0000, 0.0000, '', '2016-09-21', '2016-09-29 06:55:14'),
(127, 11, 9, 23, '153674.6900', '0.0000', 0.0000, 0.0000, 0.0000, '', '2016-09-21', '2016-09-29 06:55:26'),
(128, 11, 11, 25, '0.0000', '0.0000', 0.0000, 0.0000, 0.0000, '', '2016-09-21', '2016-09-29 05:34:21'),
(129, 11, 1, 2, '3338798.3100', '0.0000', 0.0000, 0.0000, 0.0000, '', '2016-09-20', '2016-09-29 06:52:40'),
(130, 11, 1, 26, '0.0000', '0.0000', 0.0000, 0.0000, 0.0000, '', '2016-09-20', '2016-09-29 05:35:56'),
(131, 11, 2, 5, '4834143.6200', '0.0000', 0.0000, 0.0000, 0.0000, '', '2016-09-20', '2016-09-29 06:52:53'),
(132, 11, 3, 8, '4479.1000', '0.0000', 0.0000, 0.0000, 0.0000, '', '2016-09-20', '2016-09-29 06:53:05'),
(133, 11, 7, 20, '925709.2000', '0.0000', 0.0000, 0.0000, 0.0000, '', '2016-09-20', '2016-09-29 06:53:15'),
(134, 11, 7, 21, '2623622.6200', '0.0000', 0.0000, 0.0000, 0.0000, '', '2016-09-20', '2016-09-29 06:53:38'),
(135, 11, 9, 23, '151621.0200', '0.0000', 0.0000, 0.0000, 0.0000, '', '2016-09-20', '2016-09-29 06:53:56'),
(136, 11, 11, 25, '0.0000', '0.0000', 0.0000, 0.0000, 0.0000, '', '2016-09-20', '2016-09-29 05:35:56'),
(137, 11, 1, 2, '1753520.0000', '0.0000', 0.0000, 0.0000, 0.0000, '', '2016-09-19', '2016-09-29 06:51:21'),
(138, 11, 1, 26, '0.0000', '0.0000', 0.0000, 0.0000, 0.0000, '', '2016-09-19', '2016-09-29 05:39:13'),
(139, 11, 2, 5, '8460261.9200', '0.0000', 0.0000, 0.0000, 0.0000, '', '2016-09-19', '2016-09-29 06:51:33'),
(140, 11, 3, 8, '2760.4800', '0.0000', 0.0000, 0.0000, 0.0000, '', '2016-09-19', '2016-09-29 06:51:46'),
(141, 11, 7, 20, '925709.2000', '0.0000', 0.0000, 0.0000, 0.0000, '', '2016-09-19', '2016-09-29 06:51:57'),
(142, 11, 7, 21, '2623622.6200', '0.0000', 0.0000, 0.0000, 0.0000, '', '2016-09-19', '2016-09-29 06:52:06'),
(143, 11, 9, 23, '151621.0200', '0.0000', 0.0000, 0.0000, 0.0000, '', '2016-09-19', '2016-09-29 06:52:17'),
(144, 11, 11, 25, '0.0000', '0.0000', 0.0000, 0.0000, 0.0000, '', '2016-09-19', '2016-09-29 05:39:14'),
(145, 11, 1, 2, '1765880.0000', '0.0000', 0.0000, 0.0000, 0.0000, '', '2016-09-14', '2016-09-29 06:49:47'),
(146, 11, 1, 26, '0.0000', '0.0000', 0.0000, 0.0000, 0.0000, '', '2016-09-14', '2016-09-29 05:46:26'),
(147, 11, 2, 5, '8535261.9200', '0.0000', 0.0000, 0.0000, 0.0000, '', '2016-09-14', '2016-09-29 06:50:01'),
(148, 11, 3, 8, '2760.4800', '0.0000', 0.0000, 0.0000, 0.0000, '', '2016-09-14', '2016-09-29 06:50:15'),
(149, 11, 7, 20, '925709.2000', '0.0000', 0.0000, 0.0000, 0.0000, '', '2016-09-14', '2016-09-29 06:50:28'),
(150, 11, 7, 21, '285695.3500', '0.0000', 0.0000, 0.0000, 0.0000, '', '2016-09-14', '2016-09-29 06:50:36'),
(151, 11, 9, 23, '151621.0200', '0.0000', 0.0000, 0.0000, 0.0000, '', '2016-09-14', '2016-09-29 06:50:47'),
(152, 11, 11, 25, '0.0000', '0.0000', 0.0000, 0.0000, 0.0000, '', '2016-09-14', '2016-09-29 05:46:26'),
(153, 11, 1, 2, '2634649.9900', '0.0000', 0.0000, 0.0000, 0.0000, '', '2016-09-13', '2016-09-29 06:47:59'),
(154, 11, 1, 26, '0.0000', '0.0000', 0.0000, 0.0000, 0.0000, '', '2016-09-13', '2016-09-29 05:47:33'),
(155, 11, 2, 5, '115399.6900', '0.0000', 0.0000, 0.0000, 0.0000, '', '2016-09-13', '2016-09-29 06:48:13'),
(156, 11, 3, 8, '2760.4800', '0.0000', 0.0000, 0.0000, 0.0000, '', '2016-09-13', '2016-09-29 06:48:43'),
(157, 11, 7, 20, '925709.2000', '0.0000', 0.0000, 0.0000, 0.0000, '', '2016-09-13', '2016-09-29 06:48:54'),
(158, 11, 7, 21, '285695.3500', '0.0000', 0.0000, 0.0000, 0.0000, '', '2016-09-13', '2016-09-29 06:49:03'),
(159, 11, 9, 23, '151621.0200', '0.0000', 0.0000, 0.0000, 0.0000, '', '2016-09-13', '2016-09-29 06:49:16'),
(160, 11, 11, 25, '0.0000', '0.0000', 0.0000, 0.0000, 0.0000, '', '2016-09-13', '2016-09-29 05:47:34'),
(161, 11, 1, 2, '1060203.9000', '0.0000', 0.0000, 0.0000, 0.0000, '', '2016-09-12', '2016-09-29 06:46:05'),
(162, 11, 1, 26, '0.0000', '0.0000', 0.0000, 0.0000, 0.0000, '', '2016-09-12', '2016-09-29 05:48:28'),
(163, 11, 2, 5, '3794399.6900', '0.0000', 0.0000, 0.0000, 0.0000, '', '2016-09-12', '2016-09-29 06:46:33'),
(164, 11, 3, 8, '2760.4800', '0.0000', 0.0000, 0.0000, 0.0000, '', '2016-09-12', '2016-09-29 06:46:51'),
(165, 11, 7, 20, '3263671.8500', '0.0000', 0.0000, 0.0000, 0.0000, '', '2016-09-12', '2016-09-29 06:47:03'),
(166, 11, 7, 21, '285695.3500', '0.0000', 0.0000, 0.0000, 0.0000, '', '2016-09-12', '2016-09-29 06:47:14'),
(167, 11, 9, 23, '141596.2100', '0.0000', 0.0000, 0.0000, 0.0000, '', '2016-09-12', '2016-09-29 06:47:28'),
(168, 11, 11, 25, '0.0000', '0.0000', 0.0000, 0.0000, 0.0000, '', '2016-09-12', '2016-09-29 05:48:28'),
(169, 11, 1, 2, '1744064.5000', '0.0000', 0.0000, 0.0000, 0.0000, '', '2016-09-09', '2016-09-29 06:40:42'),
(170, 11, 1, 26, '0.0000', '0.0000', 0.0000, 0.0000, 0.0000, '', '2016-09-09', '2016-09-29 05:49:22'),
(171, 11, 2, 5, '11077146.5000', '0.0000', 0.0000, 0.0000, 0.0000, '', '2016-09-09', '2016-09-29 06:40:54'),
(172, 11, 3, 8, '2760.4800', '0.0000', 0.0000, 0.0000, 0.0000, '', '2016-09-09', '2016-09-29 06:41:10'),
(173, 11, 7, 20, '3263671.8500', '0.0000', 0.0000, 0.0000, 0.0000, '', '2016-09-09', '2016-09-29 06:41:20'),
(174, 11, 7, 21, '285695.3500', '0.0000', 0.0000, 0.0000, 0.0000, '', '2016-09-09', '2016-09-29 06:41:30'),
(175, 11, 9, 23, '141596.2100', '0.0000', 0.0000, 0.0000, 0.0000, '', '2016-09-09', '2016-09-29 06:41:39'),
(176, 11, 11, 25, '0.0000', '0.0000', 0.0000, 0.0000, 0.0000, '', '2016-09-09', '2016-09-29 05:49:22'),
(177, 11, 1, 2, '2507644.4100', '0.0000', 0.0000, 0.0000, 0.0000, '', '2016-09-08', '2016-09-29 06:39:12'),
(178, 11, 1, 26, '0.0000', '0.0000', 0.0000, 0.0000, 0.0000, '', '2016-09-08', '2016-09-29 05:50:21'),
(179, 11, 2, 5, '11249464.0000', '0.0000', 0.0000, 0.0000, 0.0000, '', '2016-09-08', '2016-09-29 06:39:26'),
(180, 11, 3, 8, '12956.0400', '0.0000', 0.0000, 0.0000, 0.0000, '', '2016-09-08', '2016-09-29 06:39:39'),
(181, 11, 7, 20, '3263671.8500', '0.0000', 0.0000, 0.0000, 0.0000, '', '2016-09-08', '2016-09-29 06:39:49'),
(182, 11, 7, 21, '285695.3500', '0.0000', 0.0000, 0.0000, 0.0000, '', '2016-09-08', '2016-09-29 06:39:59'),
(183, 11, 9, 23, '141596.2100', '0.0000', 0.0000, 0.0000, 0.0000, '', '2016-09-08', '2016-09-29 06:40:09'),
(184, 11, 11, 25, '0.0000', '0.0000', 0.0000, 0.0000, 0.0000, '', '2016-09-08', '2016-09-29 05:50:21'),
(185, 11, 1, 2, '2480426.5900', '0.0000', 0.0000, 0.0000, 0.0000, '', '2016-09-07', '2016-09-29 06:37:45'),
(186, 11, 1, 26, '0.0000', '0.0000', 0.0000, 0.0000, 0.0000, '', '2016-09-07', '2016-09-29 05:51:50'),
(187, 11, 2, 5, '3911135.1200', '0.0000', 0.0000, 0.0000, 0.0000, '', '2016-09-07', '2016-09-29 06:37:56'),
(188, 11, 3, 8, '12956.0400', '0.0000', 0.0000, 0.0000, 0.0000, '', '2016-09-07', '2016-09-29 06:38:10'),
(189, 11, 7, 20, '3263671.8500', '0.0000', 0.0000, 0.0000, 0.0000, '', '2016-09-07', '2016-09-29 06:38:20'),
(190, 11, 7, 21, '285695.3500', '0.0000', 0.0000, 0.0000, 0.0000, '', '2016-09-07', '2016-09-29 06:38:28'),
(191, 11, 9, 23, '141596.2100', '0.0000', 0.0000, 0.0000, 0.0000, '', '2016-09-07', '2016-09-29 06:38:40'),
(192, 11, 11, 25, '0.0000', '0.0000', 0.0000, 0.0000, 0.0000, '', '2016-09-07', '2016-09-29 05:51:50'),
(193, 11, 1, 2, '460301.3900', '0.0000', 0.0000, 0.0000, 0.0000, '', '2016-09-06', '2016-09-29 06:36:08'),
(194, 11, 1, 26, '0.0000', '0.0000', 0.0000, 0.0000, 0.0000, '', '2016-09-06', '2016-09-29 05:52:45'),
(195, 11, 2, 5, '7922465.8000', '0.0000', 0.0000, 0.0000, 0.0000, '', '2016-09-06', '2016-09-29 06:36:22'),
(196, 11, 3, 8, '12956.0400', '0.0000', 0.0000, 0.0000, 0.0000, '', '2016-09-06', '2016-09-29 06:36:32'),
(197, 11, 7, 20, '4232169.7000', '0.0000', 0.0000, 0.0000, 0.0000, '', '2016-09-06', '2016-09-29 06:36:46'),
(198, 11, 7, 21, '285695.3500', '0.0000', 0.0000, 0.0000, 0.0000, '', '2016-09-06', '2016-09-29 06:36:54'),
(199, 11, 9, 23, '141596.2100', '0.0000', 0.0000, 0.0000, 0.0000, '', '2016-09-06', '2016-09-29 06:37:10'),
(200, 11, 11, 25, '0.0000', '0.0000', 0.0000, 0.0000, 0.0000, '', '2016-09-06', '2016-09-29 05:52:45'),
(201, 11, 1, 2, '460301.3900', '0.0000', 0.0000, 0.0000, 0.0000, '', '2016-09-05', '2016-09-29 06:34:06'),
(202, 11, 1, 26, '0.0000', '0.0000', 0.0000, 0.0000, 0.0000, '', '2016-09-05', '2016-09-29 05:53:43'),
(203, 11, 2, 5, '7922465.8000', '0.0000', 0.0000, 0.0000, 0.0000, '', '2016-09-05', '2016-09-29 06:34:21'),
(204, 11, 3, 8, '12956.0400', '0.0000', 0.0000, 0.0000, 0.0000, '', '2016-09-05', '2016-09-29 06:34:34'),
(205, 11, 7, 20, '4232169.7000', '0.0000', 0.0000, 0.0000, 0.0000, '', '2016-09-05', '2016-09-29 06:35:05'),
(206, 11, 7, 21, '285695.3500', '0.0000', 0.0000, 0.0000, 0.0000, '', '2016-09-05', '2016-09-29 06:35:16'),
(207, 11, 9, 23, '141596.2100', '0.0000', 0.0000, 0.0000, 0.0000, '', '2016-09-05', '2016-09-29 06:35:30'),
(208, 11, 11, 25, '0.0000', '0.0000', 0.0000, 0.0000, 0.0000, '', '2016-09-05', '2016-09-29 05:53:43'),
(209, 11, 1, 2, '2500184.6200', '0.0000', 0.0000, 0.0000, 0.0000, '', '2016-09-02', '2016-09-29 06:31:50'),
(210, 11, 1, 26, '0.0000', '0.0000', 0.0000, 0.0000, 0.0000, '', '2016-09-02', '2016-09-29 05:54:33'),
(211, 11, 2, 5, '580393.5800', '0.0000', 0.0000, 0.0000, 0.0000, '', '2016-09-02', '2016-09-29 06:32:06'),
(212, 11, 3, 8, '12956.0400', '0.0000', 0.0000, 0.0000, 0.0000, '', '2016-09-02', '2016-09-29 06:32:26'),
(213, 11, 7, 20, '4232169.7000', '0.0000', 0.0000, 0.0000, 0.0000, '', '2016-09-02', '2016-09-29 06:32:41'),
(214, 11, 7, 21, '285695.3500', '0.0000', 0.0000, 0.0000, 0.0000, '', '2016-09-02', '2016-09-29 06:32:52'),
(215, 11, 9, 23, '141596.2100', '0.0000', 0.0000, 0.0000, 0.0000, '', '2016-09-02', '2016-09-29 06:33:08'),
(216, 11, 11, 25, '0.0000', '0.0000', 0.0000, 0.0000, 0.0000, '', '2016-09-02', '2016-09-29 05:54:33'),
(217, 3, 2, 4, '0.0000', '14295439.5300', 0.0000, 3658000.0000, 10982000.0000, '', '2016-09-02', '2016-09-29 06:03:27'),
(218, 3, 2, 6, '-1115729.9800', '1544519.2000', 2620800.0000, 0.0000, 0.0000, '', '2016-09-02', '2016-09-29 06:03:52'),
(219, 3, 2, 4, '0.0000', '6970251.2600', 0.0000, 0.0000, 0.0000, '', '2016-09-05', '2016-09-29 06:05:09'),
(220, 3, 2, 6, '-442499.0800', '818244.0000', 2649360.0000, 0.0000, 0.0000, '', '2016-09-05', '2016-09-29 06:05:42'),
(221, 3, 2, 4, '0.0000', '6970251.2600', 0.0000, 0.0000, 0.0000, '', '2016-09-06', '2016-09-29 06:06:18'),
(222, 3, 2, 6, '-442499.0800', '818244.0000', 2649360.0000, 0.0000, 0.0000, '', '2016-09-06', '2016-09-29 06:06:47'),
(223, 3, 2, 4, '0.0000', '10724602.9800', 0.0000, 0.0000, 0.0000, '', '2016-09-07', '2016-09-29 06:07:25'),
(224, 3, 2, 6, '-624597.0900', '1004622.4000', 2664480.0000, 0.0000, 0.0000, '', '2016-09-07', '2016-09-29 06:07:52'),
(225, 3, 2, 4, '0.0000', '3353229.6000', 0.0000, 0.0000, 0.0000, '', '2016-09-08', '2016-09-29 06:08:42'),
(226, 3, 2, 6, '-455838.3100', '821392.8000', 2674224.0000, 0.0000, 0.0000, '', '2016-09-08', '2016-09-29 06:09:17'),
(227, 3, 2, 4, '0.0000', '10717867.4000', 0.0000, 367300.0000, 0.0000, '', '2016-09-09', '2016-09-29 06:09:58'),
(232, 3, 2, 6, '-1041886.4400', '1407969.2000', 2681280.0000, 0.0000, 0.0000, '', '2016-09-09', '2016-09-29 06:11:04'),
(233, 3, 2, 4, '0.0000', '10592997.3000', 0.0000, 367300.0000, 0.0000, '', '2016-09-12', '2016-09-29 06:12:32'),
(234, 3, 2, 6, '-579501.6400', '1032232.4000', 2631888.0000, 0.0000, 0.0000, '', '2016-09-12', '2016-09-29 06:12:32'),
(235, 3, 2, 4, '0.0000', '14332209.9000', 0.0000, 4035300.0000, 0.0000, '', '2016-09-13', '2016-09-29 06:13:30'),
(236, 3, 2, 6, '-2001553.4500', '2456912.0000', 2614752.0000, 0.0000, 0.0000, '', '2016-09-13', '2016-09-29 06:13:30'),
(237, 3, 2, 4, '0.0000', '6961296.5000', 0.0000, 0.0000, 0.0000, '', '2016-09-14', '2016-09-29 06:14:25'),
(238, 3, 2, 6, '-560802.7500', '997094.4000', 2591568.0000, 0.0000, 0.0000, '', '2016-09-14', '2016-09-29 06:14:25'),
(239, 3, 2, 4, '0.0000', '6998509.1000', 0.0000, 0.0000, 0.0000, '', '2016-09-19', '2016-09-29 06:15:14'),
(240, 3, 2, 6, '-959742.5500', '1303771.2000', 2605680.0000, 0.0000, 0.0000, '', '2016-09-19', '2016-09-29 06:15:14'),
(241, 3, 2, 4, '0.0000', '10798379.2000', 0.0000, 0.0000, 0.0000, '', '2016-09-20', '2016-09-29 06:16:23'),
(242, 3, 2, 6, '-1495875.7000', '1758266.4000', 2657088.0000, 0.0000, 0.0000, '', '2016-09-20', '2016-09-29 06:16:23'),
(243, 3, 2, 4, '0.0000', '20163698.1000', 0.0000, 373400.0000, 0.0000, '', '2016-09-21', '2016-09-29 06:17:20'),
(244, 3, 2, 6, '-1860505.4600', '2062420.8000', 2665824.0000, 0.0000, 0.0000, '', '2016-09-21', '2016-09-29 06:17:20'),
(245, 3, 2, 4, '0.0000', '3431162.7000', 0.0000, 373400.0000, 0.0000, '', '2016-09-22', '2016-09-29 06:18:17'),
(246, 3, 2, 6, '-316892.8600', '2375027.2000', 2682960.0000, 0.0000, 0.0000, '', '2016-09-22', '2016-09-29 06:18:17'),
(247, 3, 2, 4, '0.0000', '10969206.0000', 0.0000, 751250.0000, 0.0000, '', '2016-09-23', '2016-09-29 06:19:06'),
(248, 3, 2, 6, '-557393.8300', '2392364.8000', 2714544.0000, 0.0000, 0.0000, '', '2016-09-23', '2016-09-29 06:19:06'),
(249, 3, 2, 4, '0.0000', '3788000.0000', 0.0000, 751250.0000, 0.0000, '', '2016-09-26', '2016-09-29 06:20:00'),
(250, 3, 2, 6, '3661028.7500', '3154660.0000', 0.0000, 0.0000, 0.0000, '', '2016-09-26', '2016-09-29 06:20:00'),
(251, 4, 3, 7, '0.0000', '42407733.8600', 0.0000, 0.0000, 0.0000, '', '2016-09-02', '2016-09-29 07:18:21'),
(252, 4, 3, 9, '-23296251.1600', '10116923.0000', 32999040.0000, 0.0000, 0.0000, '', '2016-09-02', '2016-09-29 07:18:21'),
(253, 4, 3, 10, '0.0000', '0.0000', 0.0000, 0.0000, 0.0000, '', '2016-09-02', '2016-09-29 07:18:21'),
(254, 4, 3, 11, '200000.0000', '0.0000', 630000.0000, 0.0000, 0.0000, '', '2016-09-02', '2016-09-29 07:18:21'),
(255, 4, 3, 7, '0.0000', '42920173.2300', 0.0000, 0.0000, 0.0000, '', '2016-09-05', '2016-09-29 07:21:40'),
(256, 4, 3, 9, '-23770379.6400', '9854785.0000', 33527760.0000, 0.0000, 0.0000, '', '2016-09-05', '2016-09-29 07:21:40'),
(257, 4, 3, 10, '0.0000', '0.0000', 0.0000, 0.0000, 0.0000, '', '2016-09-05', '2016-09-29 07:21:40'),
(258, 4, 3, 11, '200000.0000', '0.0000', 630000.0000, 0.0000, 0.0000, '', '2016-09-05', '2016-09-29 07:21:40'),
(259, 4, 3, 7, '0.0000', '96150712.8600', 0.0000, 0.0000, 0.0000, '', '2016-09-23', '2016-09-29 07:25:34'),
(260, 4, 3, 9, '-66327957.5100', '9002823.6000', 73159344.0000, 0.0000, 0.0000, '', '2016-09-23', '2016-09-29 07:25:34'),
(261, 4, 3, 10, '0.0000', '0.0000', 0.0000, 0.0000, 0.0000, '', '2016-09-23', '2016-09-29 07:25:34'),
(262, 4, 3, 11, '200000.0000', '0.0000', 630000.0000, 0.0000, 0.0000, '', '2016-09-23', '2016-09-29 07:25:34'),
(263, 4, 3, 7, '0.0000', '92315062.5600', 0.0000, 0.0000, 0.0000, '', '2016-09-22', '2016-09-29 07:27:41'),
(264, 4, 3, 9, '-65131659.0200', '8503207.4000', 68563440.0000, 0.0000, 0.0000, '', '2016-09-22', '2016-09-29 07:27:41'),
(265, 4, 3, 10, '0.0000', '0.0000', 0.0000, 0.0000, 0.0000, '', '2016-09-22', '2016-09-29 07:27:41'),
(266, 4, 3, 11, '200000.0000', '0.0000', 630000.0000, 0.0000, 0.0000, '', '2016-09-22', '2016-09-29 07:27:41'),
(267, 4, 3, 7, '0.0000', '89865180.6900', 0.0000, 0.0000, 0.0000, '', '2016-09-21', '2016-09-29 07:29:35'),
(268, 4, 3, 9, '-60710774.4400', '17710513.6000', 63598944.0000, 0.0000, 0.0000, '', '2016-09-21', '2016-09-29 07:29:35'),
(269, 4, 3, 10, '0.0000', '0.0000', 0.0000, 0.0000, 0.0000, '', '2016-09-21', '2016-09-29 07:29:35'),
(270, 4, 3, 11, '200000.0000', '0.0000', 630000.0000, 0.0000, 0.0000, '', '2016-09-21', '2016-09-29 07:29:35'),
(271, 4, 3, 7, '0.0000', '42916777.2800', 0.0000, 0.0000, 0.0000, '', '2016-09-20', '2016-09-29 07:30:48'),
(272, 4, 3, 9, '-31647686.0900', '17657928.8000', 33607488.0000, 0.0000, 0.0000, '', '2016-09-20', '2016-09-29 07:30:48'),
(273, 4, 3, 10, '0.0000', '0.0000', 0.0000, 0.0000, 0.0000, '', '2016-09-20', '2016-09-29 07:30:48'),
(274, 4, 3, 11, '200000.0000', '0.0000', 630000.0000, 0.0000, 0.0000, '', '2016-09-20', '2016-09-29 07:30:48'),
(275, 4, 3, 7, '0.0000', '42190707.6200', 0.0000, 0.0000, 0.0000, '', '2016-09-19', '2016-09-29 07:32:20'),
(276, 4, 3, 9, '-30297310.8100', '17551775.4000', 33077040.0000, 0.0000, 0.0000, '', '2016-09-19', '2016-09-29 07:32:20'),
(277, 4, 3, 10, '0.0000', '0.0000', 0.0000, 0.0000, 0.0000, '', '2016-09-19', '2016-09-29 07:32:20'),
(278, 4, 3, 11, '200000.0000', '0.0000', 630000.0000, 0.0000, 0.0000, '', '2016-09-19', '2016-09-29 07:32:20'),
(279, 4, 3, 7, '0.0000', '42137370.0800', 0.0000, 0.0000, 0.0000, '', '2016-09-14', '2016-09-29 07:34:05'),
(280, 4, 3, 9, '-29998287.2100', '17411271.8000', 32953488.0000, 0.0000, 0.0000, '', '2016-09-14', '2016-09-29 07:34:05'),
(281, 4, 3, 10, '0.0000', '0.0000', 0.0000, 0.0000, 0.0000, '', '2016-09-14', '2016-09-29 07:34:05'),
(282, 4, 3, 11, '200000.0000', '0.0000', 630000.0000, 0.0000, 0.0000, '', '2016-09-14', '2016-09-29 07:34:05'),
(283, 4, 3, 7, '0.0000', '42665511.4400', 0.0000, 0.0000, 0.0000, '', '2016-09-13', '2016-09-29 07:35:37'),
(284, 4, 3, 9, '-30472364.4100', '17559509.0000', 33175392.0000, 0.0000, 0.0000, '', '2016-09-13', '2016-09-29 07:35:37'),
(285, 4, 3, 10, '0.0000', '0.0000', 0.0000, 0.0000, 0.0000, '', '2016-09-13', '2016-09-29 07:35:37'),
(286, 4, 3, 11, '200000.0000', '0.0000', 630000.0000, 0.0000, 0.0000, '', '2016-09-13', '2016-09-29 07:35:37'),
(287, 4, 3, 7, '0.0000', '42503940.9400', 0.0000, 0.0000, 0.0000, '', '2016-09-12', '2016-09-29 07:36:54'),
(288, 4, 3, 9, '-31756015.3700', '18143978.2000', 33258768.0000, 0.0000, 0.0000, '', '2016-09-12', '2016-09-29 07:36:54'),
(289, 4, 3, 10, '0.0000', '0.0000', 0.0000, 0.0000, 0.0000, '', '2016-09-12', '2016-09-29 07:36:54'),
(290, 4, 3, 11, '200000.0000', '0.0000', 630000.0000, 0.0000, 0.0000, '', '2016-09-12', '2016-09-29 07:36:54'),
(291, 4, 3, 7, '0.0000', '43350269.4500', 0.0000, 0.0000, 0.0000, '', '2016-09-09', '2016-09-29 07:37:53'),
(292, 4, 3, 9, '-30377039.4000', '16192114.4000', 33936960.0000, 0.0000, 0.0000, '', '2016-09-09', '2016-09-29 07:37:53'),
(293, 4, 3, 10, '0.0000', '0.0000', 0.0000, 0.0000, 0.0000, '', '2016-09-09', '2016-09-29 07:37:53'),
(294, 4, 3, 11, '200000.0000', '0.0000', 630000.0000, 0.0000, 0.0000, '', '2016-09-09', '2016-09-29 07:37:53'),
(295, 4, 3, 7, '0.0000', '43334567.4700', 0.0000, 0.0000, 0.0000, '', '2016-09-08', '2016-09-29 07:39:03'),
(296, 4, 3, 9, '-30452296.3000', '16266987.4000', 33957744.0000, 0.0000, 0.0000, '', '2016-09-08', '2016-09-29 07:39:03'),
(297, 4, 3, 10, '0.0000', '0.0000', 0.0000, 0.0000, 0.0000, '', '2016-09-08', '2016-09-29 07:39:03'),
(298, 4, 3, 11, '200000.0000', '0.0000', 630000.0000, 0.0000, 0.0000, '', '2016-09-08', '2016-09-29 07:39:03'),
(299, 4, 3, 7, '0.0000', '43370645.1200', 0.0000, 0.0000, 0.0000, '', '2016-09-07', '2016-09-29 07:40:46'),
(300, 4, 3, 9, '-23867864.0600', '9608185.0000', 33822240.0000, 0.0000, 0.0000, '', '2016-09-07', '2016-09-29 07:40:46'),
(301, 4, 3, 10, '0.0000', '0.0000', 0.0000, 0.0000, 0.0000, '', '2016-09-07', '2016-09-29 07:40:46'),
(302, 4, 3, 11, '200000.0000', '0.0000', 630000.0000, 0.0000, 0.0000, '', '2016-09-07', '2016-09-29 07:40:46'),
(303, 4, 3, 7, '0.0000', '42920173.2300', 0.0000, 0.0000, 0.0000, '', '2016-09-06', '2016-09-29 07:42:31'),
(304, 4, 3, 9, '-23770379.6400', '9854785.0000', 33527760.0000, 0.0000, 0.0000, '', '2016-09-06', '2016-09-29 07:42:32'),
(305, 4, 3, 10, '0.0000', '0.0000', 0.0000, 0.0000, 0.0000, '', '2016-09-06', '2016-09-29 07:42:32'),
(306, 4, 3, 11, '200000.0000', '0.0000', 630000.0000, 0.0000, 0.0000, '', '2016-09-06', '2016-09-29 07:42:32'),
(307, 4, 3, 7, '0.0000', '99861396.7700', 0.0000, 0.0000, 0.0000, '', '2016-09-26', '2016-09-29 07:43:41'),
(308, 4, 3, 9, '-69097236.3200', '8958932.8000', 72971328.0000, 0.0000, 0.0000, '', '2016-09-26', '2016-09-29 07:43:41'),
(309, 4, 3, 10, '0.0000', '0.0000', 0.0000, 0.0000, 0.0000, '', '2016-09-26', '2016-09-29 07:43:41'),
(310, 4, 3, 11, '200000.0000', '0.0000', 630000.0000, 0.0000, 0.0000, '', '2016-09-26', '2016-09-29 07:43:41'),
(311, 5, 4, 12, '17480128.9600', '10754132.0000', 0.0000, 0.0000, 0.0000, '', '2016-09-13', '2016-09-29 07:48:46'),
(312, 5, 4, 13, '642920.6300', '565394.0000', 3000000.0000, 0.0000, 0.0000, '', '2016-09-13', '2016-09-29 07:48:46'),
(313, 5, 4, 14, '-726054.5400', '1419669.0000', 3000000.0000, 0.0000, 0.0000, '', '2016-09-13', '2016-09-29 07:48:46'),
(314, 5, 4, 15, '0.0000', '0.0000', 0.0000, 0.0000, 0.0000, '', '2016-09-13', '2016-09-29 07:48:46'),
(315, 5, 4, 12, '15376951.4000', '13500090.0000', 0.0000, 0.0000, 0.0000, '', '2016-09-12', '2016-09-29 07:50:56'),
(316, 5, 4, 13, '541034.5600', '640289.0000', 3000000.0000, 0.0000, 0.0000, '', '2016-09-12', '2016-09-29 07:50:56'),
(317, 5, 4, 14, '-775529.5400', '1419616.0000', 3000000.0000, 0.0000, 0.0000, '', '2016-09-12', '2016-09-29 07:50:56'),
(318, 5, 4, 15, '0.0000', '0.0000', 0.0000, 0.0000, 0.0000, '', '2016-09-12', '2016-09-29 07:50:56'),
(319, 5, 4, 12, '25561388.8500', '0.0000', 0.0000, 0.0000, 0.0000, '', '2016-09-23', '2016-09-29 07:52:04'),
(320, 5, 4, 13, '1305156.6800', '0.0000', 3000000.0000, 0.0000, 0.0000, '', '2016-09-23', '2016-09-29 07:52:04'),
(321, 5, 4, 14, '947690.4600', '0.0000', 3000000.0000, 0.0000, 0.0000, '', '2016-09-23', '2016-09-29 07:52:04'),
(322, 5, 4, 15, '0.0000', '0.0000', 0.0000, 0.0000, 0.0000, '', '2016-09-23', '2016-09-29 07:52:04'),
(323, 5, 4, 12, '25561388.8500', '0.0000', 0.0000, 0.0000, 0.0000, '', '2016-09-22', '2016-09-29 07:52:59'),
(324, 5, 4, 13, '1305156.6800', '0.0000', 3000000.0000, 0.0000, 0.0000, '', '2016-09-22', '2016-09-29 07:53:00'),
(325, 5, 4, 14, '947690.4600', '0.0000', 3000000.0000, 0.0000, 0.0000, '', '2016-09-22', '2016-09-29 07:53:00'),
(326, 5, 4, 15, '0.0000', '0.0000', 0.0000, 0.0000, 0.0000, '', '2016-09-22', '2016-09-29 07:53:00'),
(327, 5, 4, 12, '25561388.8500', '0.0000', 0.0000, 0.0000, 0.0000, '', '2016-09-21', '2016-09-29 07:53:58'),
(328, 5, 4, 13, '1305156.6800', '0.0000', 3000000.0000, 0.0000, 0.0000, '', '2016-09-21', '2016-09-29 07:53:58'),
(329, 5, 4, 14, '947690.4600', '0.0000', 3000000.0000, 0.0000, 0.0000, '', '2016-09-21', '2016-09-29 07:53:58'),
(330, 5, 4, 15, '0.0000', '0.0000', 0.0000, 0.0000, 0.0000, '', '2016-09-21', '2016-09-29 07:53:58'),
(331, 5, 4, 12, '25561388.8500', '0.0000', 0.0000, 0.0000, 0.0000, '', '2016-09-20', '2016-09-29 07:54:46'),
(332, 5, 4, 13, '1305156.6800', '0.0000', 3000000.0000, 0.0000, 0.0000, '', '2016-09-20', '2016-09-29 08:06:45'),
(333, 5, 4, 14, '947690.4600', '0.0000', 3000000.0000, 0.0000, 0.0000, '', '2016-09-20', '2016-09-29 08:06:34'),
(334, 5, 4, 15, '0.0000', '0.0000', 0.0000, 0.0000, 0.0000, '', '2016-09-20', '2016-09-29 07:54:46'),
(335, 5, 4, 12, '25894769.0000', '0.0000', 0.0000, 0.0000, 0.0000, '', '2016-09-19', '2016-09-29 07:56:17'),
(336, 5, 4, 13, '1306705.7500', '0.0000', 3000000.0000, 0.0000, 0.0000, '', '2016-09-19', '2016-09-29 08:09:51'),
(337, 5, 4, 14, '954395.4600', '0.0000', 3000000.0000, 0.0000, 0.0000, '', '2016-09-19', '2016-09-29 08:10:03'),
(338, 5, 4, 15, '0.0000', '0.0000', 0.0000, 0.0000, 0.0000, '', '2016-09-19', '2016-09-29 07:56:17'),
(339, 5, 4, 12, '17160684.4600', '10318796.0000', 0.0000, 0.0000, 0.0000, '', '2016-09-14', '2016-09-29 07:57:32'),
(340, 5, 4, 13, '754926.2500', '562363.0000', 3000000.0000, 0.0000, 0.0000, '', '2016-09-14', '2016-09-29 07:57:32'),
(341, 5, 4, 14, '-507922.5400', '1419682.0000', 3000000.0000, 0.0000, 0.0000, '', '2016-09-14', '2016-09-29 07:57:32'),
(342, 5, 4, 15, '0.0000', '0.0000', 0.0000, 0.0000, 0.0000, '', '2016-09-14', '2016-09-29 07:57:32'),
(343, 5, 4, 12, '25561388.8500', '0.0000', 0.0000, 0.0000, 0.0000, '', '2016-09-26', '2016-09-29 07:58:46'),
(344, 5, 4, 13, '1305156.6800', '0.0000', 3000000.0000, 0.0000, 0.0000, '', '2016-09-26', '2016-09-29 07:58:46'),
(345, 5, 4, 14, '947690.4600', '0.0000', 3000000.0000, 0.0000, 0.0000, '', '2016-09-26', '2016-09-29 07:58:46'),
(346, 5, 4, 15, '0.0000', '0.0000', 0.0000, 0.0000, 0.0000, '', '2016-09-26', '2016-09-29 07:58:46'),
(347, 5, 4, 12, '13265544.4800', '15172770.0000', 0.0000, 0.0000, 0.0000, '', '2016-09-09', '2016-09-29 07:59:46'),
(348, 5, 4, 13, '197588.0600', '939001.0000', 3000000.0000, 0.0000, 0.0000, '', '2016-09-09', '2016-09-29 07:59:46'),
(349, 5, 4, 14, '-855590.5400', '1419552.0000', 3000000.0000, 0.0000, 0.0000, '', '2016-09-09', '2016-09-29 07:59:46'),
(350, 5, 4, 15, '0.0000', '0.0000', 0.0000, 0.0000, 0.0000, '', '2016-09-09', '2016-09-29 07:59:46'),
(351, 5, 4, 12, '13203909.4800', '15193055.0000', 0.0000, 0.0000, 0.0000, '', '2016-09-08', '2016-09-29 08:00:52'),
(352, 5, 4, 13, '217400.0600', '939016.0000', 3000000.0000, 0.0000, 0.0000, '', '2016-09-08', '2016-09-29 08:00:52'),
(353, 5, 4, 14, '-817013.5400', '1419575.0000', 3000000.0000, 0.0000, 0.0000, '', '2016-09-08', '2016-09-29 08:00:52'),
(354, 5, 4, 15, '0.0000', '0.0000', 0.0000, 0.0000, 0.0000, '', '2016-09-08', '2016-09-29 08:00:52'),
(355, 5, 4, 12, '11892735.2200', '16673055.0000', 0.0000, 0.0000, 0.0000, '', '2016-09-07', '2016-09-29 08:02:06'),
(356, 5, 4, 13, '60423.5600', '1058617.0000', 3000000.0000, 0.0000, 0.0000, '', '2016-09-07', '2016-09-29 08:02:06'),
(357, 5, 4, 14, '-863416.5400', '1419575.0000', 3000000.0000, 0.0000, 0.0000, '', '2016-09-07', '2016-09-29 08:02:06'),
(358, 5, 4, 15, '0.0000', '0.0000', 0.0000, 0.0000, 0.0000, '', '2016-09-07', '2016-09-29 08:02:06'),
(359, 5, 4, 12, '9389468.9400', '20232390.0000', 0.0000, 0.0000, 0.0000, '', '2016-09-06', '2016-09-29 08:03:13'),
(360, 5, 4, 13, '193767.5600', '718176.0000', 3000000.0000, 0.0000, 0.0000, '', '2016-09-06', '2016-09-29 08:03:13'),
(361, 5, 4, 14, '-975345.5400', '1419496.0000', 3000000.0000, 0.0000, 0.0000, '', '2016-09-06', '2016-09-29 08:03:13'),
(362, 5, 4, 15, '0.0000', '0.0000', 0.0000, 0.0000, 0.0000, '', '2016-09-06', '2016-09-29 08:03:13'),
(363, 5, 4, 12, '9389468.9400', '20232390.0000', 0.0000, 0.0000, 0.0000, '', '2016-09-05', '2016-09-29 08:04:12'),
(364, 5, 4, 13, '193767.5600', '718176.0000', 3000000.0000, 0.0000, 0.0000, '', '2016-09-05', '2016-09-29 08:04:12'),
(365, 5, 4, 14, '-975345.5400', '1419496.0000', 3000000.0000, 0.0000, 0.0000, '', '2016-09-05', '2016-09-29 08:04:12'),
(366, 5, 4, 15, '0.0000', '0.0000', 0.0000, 0.0000, 0.0000, '', '2016-09-05', '2016-09-29 08:04:12'),
(367, 5, 4, 12, '9458148.9400', '20215410.0000', 0.0000, 0.0000, 0.0000, '', '2016-09-02', '2016-09-29 08:05:23'),
(368, 5, 4, 13, '188886.5600', '719448.0000', 3000000.0000, 0.0000, 0.0000, '', '2016-09-02', '2016-09-29 08:05:23'),
(369, 5, 4, 14, '-979200.5400', '1420935.0000', 3000000.0000, 0.0000, 0.0000, '', '2016-09-02', '2016-09-29 08:05:23'),
(370, 5, 4, 15, '0.0000', '0.0000', 0.0000, 0.0000, 0.0000, '', '2016-09-02', '2016-09-29 08:05:23'),
(371, 6, 5, 16, '893594.4200', '2988925.0000', 0.0000, 0.0000, 0.0000, '', '2016-09-02', '2016-09-29 09:01:17'),
(372, 6, 5, 17, '615139.6300', '637840.5000', 0.0000, 0.0000, 0.0000, '', '2016-09-02', '2016-09-29 09:01:17'),
(373, 6, 5, 16, '5750040.0700', '2982850.0000', 0.0000, 0.0000, 0.0000, '', '2016-09-05', '2016-09-29 09:02:53'),
(374, 6, 5, 17, '624561.8000', '634682.5000', 0.0000, 0.0000, 0.0000, '', '2016-09-05', '2016-09-29 09:02:53'),
(375, 6, 5, 16, '5750040.0700', '2982850.0000', 0.0000, 0.0000, 0.0000, '', '2016-09-06', '2016-09-29 09:03:39'),
(376, 6, 5, 17, '624561.8000', '634682.5000', 0.0000, 0.0000, 0.0000, '', '2016-09-06', '2016-09-29 09:03:39'),
(377, 6, 5, 16, '2267697.5000', '6685384.5200', 0.0000, 0.0000, 0.0000, '', '2016-09-07', '2016-09-29 09:04:23'),
(378, 6, 5, 17, '687240.2200', '553907.0000', 0.0000, 0.0000, 0.0000, '', '2016-09-07', '2016-09-29 09:04:23'),
(379, 6, 5, 16, '7135609.5200', '1854472.5000', 0.0000, 0.0000, 0.0000, '', '2016-09-08', '2016-09-29 09:05:17'),
(380, 6, 5, 17, '590350.4400', '647813.5000', 0.0000, 0.0000, 0.0000, '', '2016-09-08', '2016-09-29 09:05:17'),
(381, 6, 5, 16, '7899690.5200', '1187317.5000', 0.0000, 0.0000, 0.0000, '', '2016-09-09', '2016-09-29 09:06:02'),
(382, 6, 5, 17, '454299.2100', '776246.0000', 0.0000, 0.0000, 0.0000, '', '2016-09-09', '2016-09-29 09:06:02'),
(383, 6, 5, 16, '8069088.1200', '1104387.5000', 0.0000, 0.0000, 0.0000, '', '2016-09-12', '2016-09-29 09:06:48'),
(384, 6, 5, 17, '417933.4600', '798614.0000', 0.0000, 0.0000, 0.0000, '', '2016-09-12', '2016-09-29 09:06:48'),
(385, 6, 5, 16, '7099603.8400', '2115225.0000', 0.0000, 0.0000, 0.0000, '', '2016-09-13', '2016-09-29 09:07:33'),
(386, 6, 5, 17, '295251.9100', '902447.0000', 0.0000, 0.0000, 0.0000, '', '2016-09-13', '2016-09-29 09:07:33'),
(387, 6, 5, 16, '7150628.8400', '2131700.0000', 0.0000, 0.0000, 0.0000, '', '2016-09-14', '2016-09-29 09:08:13'),
(388, 6, 5, 17, '392638.3700', '796880.0000', 0.0000, 0.0000, 0.0000, '', '2016-09-14', '2016-09-29 09:08:13'),
(389, 6, 5, 16, '8823704.2900', '664225.0000', 0.0000, 0.0000, 0.0000, '', '2016-09-19', '2016-09-29 09:09:15'),
(390, 6, 5, 17, '498812.5400', '741383.5000', 0.0000, 0.0000, 0.0000, '', '2016-09-19', '2016-09-29 09:09:16'),
(391, 6, 5, 16, '8884979.2900', '590450.0000', 0.0000, 0.0000, 0.0000, '', '2016-09-20', '2016-09-29 09:09:56'),
(392, 6, 5, 17, '612033.5400', '654904.0000', 0.0000, 0.0000, 0.0000, '', '2016-09-20', '2016-09-29 09:09:56'),
(393, 6, 5, 16, '8873723.0400', '595456.2500', 0.0000, 0.0000, 0.0000, '', '2016-09-21', '2016-09-29 09:11:03'),
(394, 6, 5, 17, '551532.9500', '713532.0000', 0.0000, 0.0000, 0.0000, '', '2016-09-21', '2016-09-29 09:11:03'),
(395, 6, 5, 16, '9136267.2900', '444000.0000', 0.0000, 0.0000, 0.0000, '', '2016-09-22', '2016-09-29 09:11:52'),
(396, 6, 5, 17, '632735.9500', '628138.0000', 0.0000, 0.0000, 0.0000, '', '2016-09-22', '2016-09-29 09:11:52'),
(397, 6, 5, 16, '8399701.2300', '1198167.5000', 0.0000, 0.0000, 0.0000, '', '2016-09-23', '2016-09-29 09:12:47'),
(398, 6, 5, 17, '580748.9800', '677967.5000', 0.0000, 0.0000, 0.0000, '', '2016-09-23', '2016-09-29 09:12:47'),
(399, 6, 5, 16, '8484413.7300', '1172205.0000', 0.0000, 0.0000, 0.0000, '', '2016-09-26', '2016-09-29 09:13:33'),
(400, 6, 5, 17, '580748.9800', '677967.5000', 0.0000, 0.0000, 0.0000, '', '2016-09-26', '2016-09-29 09:13:33'),
(401, 7, 6, 18, '2465000.0600', '0.0000', 0.0000, 0.0000, 0.0000, '', '2016-09-02', '2016-09-29 09:14:30'),
(402, 7, 6, 18, '2465000.0600', '0.0000', 0.0000, 0.0000, 0.0000, '', '2016-09-05', '2016-09-29 09:16:19'),
(403, 7, 6, 18, '2465000.0600', '0.0000', 0.0000, 0.0000, 0.0000, '', '2016-09-06', '2016-09-29 09:16:36'),
(404, 7, 6, 18, '2465000.0600', '0.0000', 0.0000, 0.0000, 0.0000, '', '2016-09-07', '2016-09-29 09:15:54'),
(405, 7, 6, 18, '2465000.0600', '0.0000', 0.0000, 0.0000, 0.0000, '', '2016-09-08', '2016-09-29 09:17:02'),
(406, 7, 6, 18, '2465000.0600', '0.0000', 0.0000, 0.0000, 0.0000, '', '2016-09-09', '2016-09-29 09:17:20'),
(407, 7, 6, 18, '2465000.0600', '0.0000', 0.0000, 0.0000, 0.0000, '', '2016-09-12', '2016-09-29 09:17:40'),
(408, 7, 6, 18, '2465000.0600', '0.0000', 0.0000, 0.0000, 0.0000, '', '2016-09-13', '2016-09-29 09:18:00'),
(409, 7, 6, 18, '2465000.0600', '0.0000', 0.0000, 0.0000, 0.0000, '', '2016-09-14', '2016-09-29 09:18:43'),
(410, 7, 6, 18, '2465000.0600', '0.0000', 0.0000, 0.0000, 0.0000, '', '2016-09-19', '2016-09-29 09:19:19'),
(411, 7, 6, 18, '2465000.0600', '0.0000', 0.0000, 0.0000, 0.0000, '', '2016-09-20', '2016-09-29 09:19:31'),
(412, 7, 6, 18, '1861309.6900', '597280.0000', 0.0000, 0.0000, 0.0000, '', '2016-09-21', '2016-09-29 09:20:14'),
(413, 7, 6, 18, '1826749.6900', '599840.0000', 0.0000, 0.0000, 0.0000, '', '2016-09-22', '2016-09-29 09:20:39'),
(414, 7, 6, 18, '1766269.6900', '604320.0000', 0.0000, 0.0000, 0.0000, '', '2016-09-23', '2016-09-29 09:21:31'),
(415, 7, 6, 18, '1766269.6900', '604320.0000', 0.0000, 0.0000, 0.0000, '', '2016-09-26', '2016-09-29 09:21:54'),
(420, 11, 1, 2, '0.0000', '0.0000', 0.0000, 0.0000, 0.0000, '', '2016-09-28', '2016-10-07 08:09:07'),
(421, 11, 1, 26, '0.0000', '0.0000', 0.0000, 0.0000, 0.0000, '', '2016-09-28', '2016-10-07 08:09:07'),
(422, 11, 2, 5, '4158083.3200', '0.0000', 0.0000, 0.0000, 0.0000, '', '2016-09-28', '2016-10-07 08:09:08'),
(423, 11, 3, 8, '0.0000', '0.0000', 0.0000, 0.0000, 0.0000, '', '2016-09-28', '2016-10-07 08:09:08'),
(424, 11, 7, 20, '0.0000', '0.0000', 0.0000, 0.0000, 0.0000, '', '2016-09-28', '2016-10-07 08:09:08'),
(425, 11, 7, 21, '0.0000', '0.0000', 0.0000, 0.0000, 0.0000, '', '2016-09-28', '2016-10-07 08:09:08'),
(426, 11, 9, 23, '0.0000', '0.0000', 0.0000, 0.0000, 0.0000, '', '2016-09-28', '2016-10-07 08:09:08'),
(427, 11, 11, 25, '0.0000', '0.0000', 0.0000, 0.0000, 0.0000, '', '2016-09-28', '2016-10-07 08:09:08'),
(428, 3, 2, 6, '-163014.6400', '626156.8000', 2584176.0000, 0.0000, 0.0000, NULL, '2016-09-28', '2016-10-07 09:16:13'),
(429, 3, 2, 4, '0.0000', '0.0000', 0.0000, 0.0000, 0.0000, '测试张雪良1第一条', '2016-09-28', '2016-10-07 09:16:13');

-- --------------------------------------------------------

--
-- 表的结构 `project`
--

CREATE TABLE `project` (
  `id` int(11) NOT NULL,
  `name` varchar(100) DEFAULT NULL COMMENT '项目名称',
  `branch_id` int(11) DEFAULT NULL,
  `date` timestamp NULL DEFAULT CURRENT_TIMESTAMP ON UPDATE CURRENT_TIMESTAMP,
  `category` tinyint(4) DEFAULT NULL COMMENT '1：银行；2：期货；3：存货',
  `bank_category` tinyint(4) DEFAULT NULL COMMENT '0中国，1美国',
  `finish` tinyint(4) DEFAULT NULL COMMENT '1代表存在，0代表删除',
  `finish_date` date DEFAULT NULL COMMENT '删除项目日期'
) ENGINE=InnoDB DEFAULT CHARSET=utf8;

--
-- 转存表中的数据 `project`
--

INSERT INTO `project` (`id`, `name`, `branch_id`, `date`, `category`, `bank_category`, `finish`, `finish_date`) VALUES
(1, '现货库存结存', 1, '2016-09-14 09:37:54', 3, 0, NULL, NULL),
(2, '工行账号（4548）', 1, '2016-09-14 09:38:38', 1, 0, NULL, NULL),
(3, '建信期货', 1, '2016-09-14 09:39:05', 2, 0, NULL, NULL),
(4, '现货库存结存', 2, '2016-09-14 09:42:06', 3, 0, NULL, NULL),
(5, '建设川沙银行（5710）', 2, '2016-09-14 09:42:49', 1, 0, NULL, NULL),
(6, '一德子账户02 套期', 2, '2016-09-14 09:43:37', 2, 0, NULL, NULL),
(7, '现货库存结存', 3, '2016-09-14 09:44:16', 3, 0, NULL, NULL),
(8, '招商银行（0602）', 3, '2016-09-14 09:45:03', 1, 0, NULL, NULL),
(9, '一德子账户01 套期', 3, '2016-09-14 09:45:30', 2, 0, NULL, NULL),
(10, '五矿期货 套期', 3, '2016-09-14 09:45:58', 2, 0, NULL, NULL),
(11, '无锡不锈钢 套期', 3, '2016-09-14 09:46:18', 2, 0, NULL, NULL),
(12, '境内 申万', 4, '2016-09-14 12:31:07', 2, 0, NULL, NULL),
(13, '境外 FCS', 4, '2016-09-14 12:31:29', 2, 1, NULL, NULL),
(14, '境外 ED&F', 4, '2016-09-14 12:31:44', 2, 1, NULL, NULL),
(15, '境外 招商220子帐号', 4, '2016-09-16 03:10:15', 2, 1, NULL, NULL),
(16, '境内 建信1号子帐号', 5, '2016-09-16 03:12:27', 2, 0, NULL, NULL),
(17, '境外 招商221子帐号', 5, '2016-09-16 03:12:51', 2, 1, NULL, NULL),
(18, '境内 长江期货', 6, '2016-09-16 03:14:18', 2, 0, NULL, NULL),
(19, '现货库存结存', 7, '2016-09-16 03:20:36', 3, 1, NULL, NULL),
(20, '申源法巴银行', 7, '2016-09-16 03:15:49', 1, 1, NULL, NULL),
(21, 'YLI汇丰银行', 7, '2016-09-16 03:16:18', 1, 1, NULL, NULL),
(22, '现货库存结存', 9, '2016-09-16 03:20:28', 3, 0, NULL, NULL),
(23, '民生银行（9782）', 9, '2016-09-16 03:19:53', 1, 0, NULL, NULL),
(24, '长江期货', 9, '2016-09-16 03:20:39', 2, 0, NULL, NULL),
(25, '测试项目', 11, '2016-09-22 10:20:44', 1, 1, NULL, NULL),
(26, '其他货币资金（工行承兑汇票）', 1, '2016-09-26 10:32:22', 1, 0, NULL, NULL);

-- --------------------------------------------------------

--
-- 表的结构 `user`
--

CREATE TABLE `user` (
  `id` int(11) NOT NULL,
  `branch_id` int(11) DEFAULT NULL COMMENT '部门的id',
  `branch_manager` tinyint(4) DEFAULT NULL COMMENT '1表示经理，0表示不是经理',
  `user_name` varchar(100) DEFAULT NULL COMMENT '账户姓名',
  `user_password` varchar(50) DEFAULT NULL COMMENT '账户密码',
  `power` int(11) DEFAULT NULL COMMENT '设想用数字来设置用户权限',
  `date` timestamp NULL DEFAULT CURRENT_TIMESTAMP ON UPDATE CURRENT_TIMESTAMP COMMENT '用户创建时间'
) ENGINE=InnoDB DEFAULT CHARSET=utf8;

--
-- 转存表中的数据 `user`
--

INSERT INTO `user` (`id`, `branch_id`, `branch_manager`, `user_name`, `user_password`, `power`, `date`) VALUES
(1, 10, 1, '杨炜祖', '123456', 3, '2016-10-12 06:36:17'),
(2, 1, 0, '符先旻', '123456', 1, '2016-10-12 06:36:33'),
(3, 2, 0, '叶灿华', '123456', 1, '2016-10-12 06:37:09'),
(4, 3, 0, '陈伟健', '123456', 1, '2016-10-12 06:37:21'),
(5, 4, 0, '李华', '123456', 1, '2016-10-12 06:37:30'),
(6, 5, 0, '汪旭琪', '123456', 1, '2016-09-24 01:26:00'),
(7, 6, 0, '张表强', '123456', 1, '2016-09-24 01:26:01'),
(8, 7, 0, '严一祥', '123456', 1, '2016-10-12 06:38:07'),
(9, 8, 0, '陈明杰2', '123456', 1, '2016-09-24 01:26:04'),
(10, 9, 0, '金坛', '123456', 1, '2016-09-24 01:26:06'),
(11, NULL, 0, '陈明杰', '123456', 2, '2016-10-12 06:38:35'),
(12, 11, 1, '张三', '123456', 1, '2016-09-24 01:26:16');

-- --------------------------------------------------------

--
-- 表的结构 `working_capital`
--

CREATE TABLE `working_capital` (
  `id` int(11) NOT NULL,
  `branch_id` int(11) DEFAULT NULL COMMENT '部门ID',
  `user_id` int(11) DEFAULT NULL COMMENT '插入数据的用户ID',
  `direction` varchar(255) DEFAULT NULL COMMENT '出入金方向',
  `sum` float DEFAULT NULL COMMENT '出入金数量',
  `accumulate` float DEFAULT NULL COMMENT '累计初始资金',
  `dailyinterest` float DEFAULT NULL COMMENT '日利息',
  `fundsrate` varchar(255) DEFAULT NULL COMMENT '资金利率(年化)',
  `fromto` text COMMENT '来源/去向',
  `remark` text COMMENT '备注',
  `effect_date` date DEFAULT NULL COMMENT '日期',
  `date` timestamp NULL DEFAULT CURRENT_TIMESTAMP ON UPDATE CURRENT_TIMESTAMP COMMENT '插入数据库日期'
) ENGINE=InnoDB DEFAULT CHARSET=utf8;

--
-- 转存表中的数据 `working_capital`
--

INSERT INTO `working_capital` (`id`, `branch_id`, `user_id`, `direction`, `sum`, `accumulate`, `dailyinterest`, `fundsrate`, `fromto`, `remark`, `effect_date`, `date`) VALUES
(3, 1, 11, '入金', 7000000, 7000000, NULL, '10%', '期初投入', '', '2016-09-01', '2016-10-12 06:29:37'),
(4, 2, 11, '入金', 10000000, 10000000, NULL, '10%', '期初投入', '', '2016-09-01', '2016-10-12 06:30:11'),
(5, 3, 11, '入金', 30000000, 30000000, NULL, '10%', '期初投入', '', '2016-09-01', '2016-10-12 06:31:20'),
(6, 4, 11, '入金', 25000000, 25000000, NULL, '10%', '期初投入', '期初一天可能有多笔，可能有币种差异', '2016-09-01', '2016-10-12 06:33:04'),
(7, 5, 11, '入金', 10000000, 10000000, NULL, '10%', '期初投入', '', '2016-09-01', '2016-10-12 06:33:34'),
(8, 6, 11, '入金', 3000000, 3000000, NULL, '10%', '期初投入', '', '2016-09-01', '2016-10-12 06:33:58');

--
-- Indexes for dumped tables
--

--
-- Indexes for table `branch`
--
ALTER TABLE `branch`
  ADD PRIMARY KEY (`id`);

--
-- Indexes for table `exchange_rate`
--
ALTER TABLE `exchange_rate`
  ADD PRIMARY KEY (`id`);

--
-- Indexes for table `perday_data_item`
--
ALTER TABLE `perday_data_item`
  ADD PRIMARY KEY (`id`);

--
-- Indexes for table `project`
--
ALTER TABLE `project`
  ADD PRIMARY KEY (`id`);

--
-- Indexes for table `user`
--
ALTER TABLE `user`
  ADD PRIMARY KEY (`id`);

--
-- Indexes for table `working_capital`
--
ALTER TABLE `working_capital`
  ADD PRIMARY KEY (`id`);

--
-- 在导出的表使用AUTO_INCREMENT
--

--
-- 使用表AUTO_INCREMENT `branch`
--
ALTER TABLE `branch`
  MODIFY `id` int(11) NOT NULL AUTO_INCREMENT, AUTO_INCREMENT=13;
--
-- 使用表AUTO_INCREMENT `exchange_rate`
--
ALTER TABLE `exchange_rate`
  MODIFY `id` int(11) NOT NULL AUTO_INCREMENT, AUTO_INCREMENT=27;
--
-- 使用表AUTO_INCREMENT `perday_data_item`
--
ALTER TABLE `perday_data_item`
  MODIFY `id` int(11) NOT NULL AUTO_INCREMENT, AUTO_INCREMENT=430;
--
-- 使用表AUTO_INCREMENT `project`
--
ALTER TABLE `project`
  MODIFY `id` int(11) NOT NULL AUTO_INCREMENT, AUTO_INCREMENT=27;
--
-- 使用表AUTO_INCREMENT `user`
--
ALTER TABLE `user`
  MODIFY `id` int(11) NOT NULL AUTO_INCREMENT, AUTO_INCREMENT=13;
--
-- 使用表AUTO_INCREMENT `working_capital`
--
ALTER TABLE `working_capital`
  MODIFY `id` int(11) NOT NULL AUTO_INCREMENT, AUTO_INCREMENT=9;
/*!40101 SET CHARACTER_SET_CLIENT=@OLD_CHARACTER_SET_CLIENT */;
/*!40101 SET CHARACTER_SET_RESULTS=@OLD_CHARACTER_SET_RESULTS */;
/*!40101 SET COLLATION_CONNECTION=@OLD_COLLATION_CONNECTION */;
